-50.00000E+00,+13.42059E+00
-49.95000E+00,+13.42004E+00
-49.90000E+00,+13.42007E+00
-49.85000E+00,+13.42010E+00
-49.80000E+00,+13.42019E+00
-49.75000E+00,+13.42016E+00
-49.70000E+00,+13.42022E+00
-49.65000E+00,+13.42004E+00
-49.60000E+00,+13.42024E+00
-49.55000E+00,+13.41997E+00
-49.50000E+00,+13.42029E+00
-49.45000E+00,+13.42009E+00
-49.40000E+00,+13.42021E+00
-49.35000E+00,+13.42022E+00
-49.30000E+00,+13.42046E+00
-49.25000E+00,+13.42062E+00
-49.20000E+00,+13.42024E+00
-49.15000E+00,+13.42030E+00
-49.10000E+00,+13.42065E+00
-49.05000E+00,+13.42030E+00
-49.00000E+00,+13.42023E+00
-48.95000E+00,+13.42030E+00
-48.90000E+00,+13.42012E+00
-48.85000E+00,+13.42003E+00
-48.80000E+00,+13.42026E+00
-48.75000E+00,+13.41995E+00
-48.70000E+00,+13.42007E+00
-48.65000E+00,+13.42017E+00
-48.60000E+00,+13.42011E+00
-48.55000E+00,+13.42010E+00
-48.50000E+00,+13.42006E+00
-48.45000E+00,+13.42025E+00
-48.40000E+00,+13.42003E+00
-48.35000E+00,+13.42043E+00
-48.30000E+00,+13.42035E+00
-48.25000E+00,+13.42031E+00
-48.20000E+00,+13.42020E+00
-48.15000E+00,+13.42029E+00
-48.10000E+00,+13.42047E+00
-48.05000E+00,+13.42010E+00
-48.00000E+00,+13.42017E+00
-47.95000E+00,+13.42029E+00
-47.90000E+00,+13.42037E+00
-47.85000E+00,+13.42016E+00
-47.80000E+00,+13.42044E+00
-47.75000E+00,+13.42044E+00
-47.70000E+00,+13.42018E+00
-47.65000E+00,+13.42038E+00
-47.60000E+00,+13.42013E+00
-47.55000E+00,+13.42020E+00
-47.50000E+00,+13.41995E+00
-47.45000E+00,+13.41997E+00
-47.40000E+00,+13.42017E+00
-47.35000E+00,+13.42010E+00
-47.30000E+00,+13.42015E+00
-47.25000E+00,+13.42038E+00
-47.20000E+00,+13.42045E+00
-47.15000E+00,+13.42012E+00
-47.10000E+00,+13.42033E+00
-47.05000E+00,+13.42019E+00
-47.00000E+00,+13.42015E+00
-46.95000E+00,+13.42044E+00
-46.90000E+00,+13.42024E+00
-46.85000E+00,+13.42014E+00
-46.80000E+00,+13.42013E+00
-46.75000E+00,+13.42055E+00
-46.70000E+00,+13.42036E+00
-46.65000E+00,+13.42084E+00
-46.60000E+00,+13.42029E+00
-46.55000E+00,+13.42018E+00
-46.50000E+00,+13.42044E+00
-46.45000E+00,+13.42006E+00
-46.40000E+00,+13.42013E+00
-46.35000E+00,+13.42013E+00
-46.30000E+00,+13.42037E+00
-46.25000E+00,+13.42026E+00
-46.20000E+00,+13.42014E+00
-46.15000E+00,+13.42002E+00
-46.10000E+00,+13.42044E+00
-46.05000E+00,+13.42020E+00
-46.00000E+00,+13.42019E+00
-45.95000E+00,+13.41992E+00
-45.90000E+00,+13.42024E+00
-45.85000E+00,+13.42000E+00
-45.80000E+00,+13.41993E+00
-45.75000E+00,+13.42000E+00
-45.70000E+00,+13.41987E+00
-45.65000E+00,+13.42024E+00
-45.60000E+00,+13.42000E+00
-45.55000E+00,+13.42050E+00
-45.50000E+00,+13.42033E+00
-45.45000E+00,+13.42017E+00
-45.40000E+00,+13.42025E+00
-45.35000E+00,+13.42010E+00
-45.30000E+00,+13.42010E+00
-45.25000E+00,+13.42078E+00
-45.20000E+00,+13.42021E+00
-45.15000E+00,+13.42005E+00
-45.10000E+00,+13.42032E+00
-45.05000E+00,+13.42051E+00
-45.00000E+00,+13.42010E+00
-44.95000E+00,+13.42046E+00
-44.90000E+00,+13.41997E+00
-44.85000E+00,+13.41986E+00
-44.80000E+00,+13.42004E+00
-44.75000E+00,+13.42001E+00
-44.70000E+00,+13.42007E+00
-44.65000E+00,+13.42022E+00
-44.60000E+00,+13.42035E+00
-44.55000E+00,+13.42051E+00
-44.50000E+00,+13.42041E+00
-44.45000E+00,+13.42019E+00
-44.40000E+00,+13.42032E+00
-44.35000E+00,+13.42029E+00
-44.30000E+00,+13.42031E+00
-44.25000E+00,+13.42024E+00
-44.20000E+00,+13.42002E+00
-44.15000E+00,+13.42048E+00
-44.10000E+00,+13.42015E+00
-44.05000E+00,+13.42004E+00
-44.00000E+00,+13.42038E+00
-43.95000E+00,+13.42005E+00
-43.90000E+00,+13.42014E+00
-43.85000E+00,+13.42017E+00
-43.80000E+00,+13.42024E+00
-43.75000E+00,+13.41999E+00
-43.70000E+00,+13.42012E+00
-43.65000E+00,+13.42012E+00
-43.60000E+00,+13.42027E+00
-43.55000E+00,+13.42032E+00
-43.50000E+00,+13.42023E+00
-43.45000E+00,+13.42007E+00
-43.40000E+00,+13.42041E+00
-43.35000E+00,+13.42041E+00
-43.30000E+00,+13.42016E+00
-43.25000E+00,+13.42015E+00
-43.20000E+00,+13.41988E+00
-43.15000E+00,+13.42002E+00
-43.10000E+00,+13.41998E+00
-43.05000E+00,+13.42043E+00
-43.00000E+00,+13.42003E+00
-42.95000E+00,+13.42018E+00
-42.90000E+00,+13.41997E+00
-42.85000E+00,+13.42000E+00
-42.80000E+00,+13.42032E+00
-42.75000E+00,+13.41986E+00
-42.70000E+00,+13.42022E+00
-42.65000E+00,+13.42014E+00
-42.60000E+00,+13.41999E+00
-42.55000E+00,+13.42036E+00
-42.50000E+00,+13.42003E+00
-42.45000E+00,+13.41998E+00
-42.40000E+00,+13.42012E+00
-42.35000E+00,+13.42016E+00
-42.30000E+00,+13.42049E+00
-42.25000E+00,+13.42055E+00
-42.20000E+00,+13.42003E+00
-42.15000E+00,+13.42002E+00
-42.10000E+00,+13.42009E+00
-42.05000E+00,+13.42004E+00
-42.00000E+00,+13.42044E+00
-41.95000E+00,+13.42068E+00
-41.90000E+00,+13.42022E+00
-41.85000E+00,+13.42034E+00
-41.80000E+00,+13.42000E+00
-41.75000E+00,+13.42034E+00
-41.70000E+00,+13.42025E+00
-41.65000E+00,+13.42047E+00
-41.60000E+00,+13.42024E+00
-41.55000E+00,+13.42006E+00
-41.50000E+00,+13.42006E+00
-41.45000E+00,+13.42020E+00
-41.40000E+00,+13.42007E+00
-41.35000E+00,+13.42015E+00
-41.30000E+00,+13.42009E+00
-41.25000E+00,+13.42007E+00
-41.20000E+00,+13.42056E+00
-41.15000E+00,+13.42039E+00
-41.10000E+00,+13.42024E+00
-41.05000E+00,+13.42016E+00
-41.00000E+00,+13.42017E+00
-40.95000E+00,+13.42007E+00
-40.90000E+00,+13.42005E+00
-40.85000E+00,+13.41987E+00
-40.80000E+00,+13.42012E+00
-40.75000E+00,+13.42023E+00
-40.70000E+00,+13.42001E+00
-40.65000E+00,+13.42051E+00
-40.60000E+00,+13.41996E+00
-40.55000E+00,+13.42022E+00
-40.50000E+00,+13.42007E+00
-40.45000E+00,+13.42008E+00
-40.40000E+00,+13.42022E+00
-40.35000E+00,+13.42000E+00
-40.30000E+00,+13.42014E+00
-40.25000E+00,+13.42007E+00
-40.20000E+00,+13.42017E+00
-40.15000E+00,+13.42014E+00
-40.10000E+00,+13.42033E+00
-40.05000E+00,+13.42044E+00
-40.00000E+00,+13.42018E+00
-39.95000E+00,+13.38621E+00
-39.90000E+00,+13.37956E+00
-39.85000E+00,+13.37895E+00
-39.80000E+00,+13.37847E+00
-39.75000E+00,+13.37801E+00
-39.70000E+00,+13.37808E+00
-39.65000E+00,+13.37789E+00
-39.60000E+00,+13.37707E+00
-39.55000E+00,+13.37696E+00
-39.50000E+00,+13.37721E+00
-39.45000E+00,+13.37690E+00
-39.40000E+00,+13.37650E+00
-39.35000E+00,+13.37635E+00
-39.30000E+00,+13.37630E+00
-39.25000E+00,+13.37593E+00
-39.20000E+00,+13.37585E+00
-39.15000E+00,+13.37570E+00
-39.10000E+00,+13.37543E+00
-39.05000E+00,+13.37567E+00
-39.00000E+00,+13.37523E+00
-38.95000E+00,+13.37507E+00
-38.90000E+00,+13.37507E+00
-38.85000E+00,+13.37490E+00
-38.80000E+00,+13.37480E+00
-38.75000E+00,+13.37465E+00
-38.70000E+00,+13.37463E+00
-38.65000E+00,+13.37434E+00
-38.60000E+00,+13.37442E+00
-38.55000E+00,+13.37395E+00
-38.50000E+00,+13.37416E+00
-38.45000E+00,+13.37382E+00
-38.40000E+00,+13.37372E+00
-38.35000E+00,+13.37380E+00
-38.30000E+00,+13.37367E+00
-38.25000E+00,+13.37348E+00
-38.20000E+00,+13.37349E+00
-38.15000E+00,+13.37345E+00
-38.10000E+00,+13.37319E+00
-38.05000E+00,+13.37316E+00
-38.00000E+00,+13.37293E+00
-37.95000E+00,+13.37324E+00
-37.90000E+00,+13.37313E+00
-37.85000E+00,+13.37283E+00
-37.80000E+00,+13.37258E+00
-37.75000E+00,+13.37246E+00
-37.70000E+00,+13.37258E+00
-37.65000E+00,+13.37246E+00
-37.60000E+00,+13.37244E+00
-37.55000E+00,+13.37253E+00
-37.50000E+00,+13.37213E+00
-37.45000E+00,+13.37205E+00
-37.40000E+00,+13.37228E+00
-37.35000E+00,+13.37203E+00
-37.30000E+00,+13.37221E+00
-37.25000E+00,+13.37252E+00
-37.20000E+00,+13.37198E+00
-37.15000E+00,+13.37166E+00
-37.10000E+00,+13.37150E+00
-37.05000E+00,+13.37152E+00
-37.00000E+00,+13.37140E+00
-36.95000E+00,+13.37118E+00
-36.90000E+00,+13.37115E+00
-36.85000E+00,+13.37096E+00
-36.80000E+00,+13.37131E+00
-36.75000E+00,+13.37110E+00
-36.70000E+00,+13.37118E+00
-36.65000E+00,+13.37119E+00
-36.60000E+00,+13.37083E+00
-36.55000E+00,+13.37066E+00
-36.50000E+00,+13.37077E+00
-36.45000E+00,+13.37058E+00
-36.40000E+00,+13.37036E+00
-36.35000E+00,+13.37032E+00
-36.30000E+00,+13.37028E+00
-36.25000E+00,+13.37039E+00
-36.20000E+00,+13.37058E+00
-36.15000E+00,+13.37043E+00
-36.10000E+00,+13.37045E+00
-36.05000E+00,+13.36999E+00
-36.00000E+00,+13.36988E+00
-35.95000E+00,+13.36984E+00
-35.90000E+00,+13.36981E+00
-35.85000E+00,+13.36970E+00
-35.80000E+00,+13.36958E+00
-35.75000E+00,+13.36976E+00
-35.70000E+00,+13.36968E+00
-35.65000E+00,+13.36976E+00
-35.60000E+00,+13.36958E+00
-35.55000E+00,+13.36938E+00
-35.50000E+00,+13.36951E+00
-35.45000E+00,+13.36910E+00
-35.40000E+00,+13.36913E+00
-35.35000E+00,+13.36936E+00
-35.30000E+00,+13.36881E+00
-35.25000E+00,+13.36883E+00
-35.20000E+00,+13.36891E+00
-35.15000E+00,+13.36919E+00
-35.10000E+00,+13.36884E+00
-35.05000E+00,+13.36887E+00
-35.00000E+00,+13.36896E+00
-34.95000E+00,+13.36874E+00
-34.90000E+00,+13.36882E+00
-34.85000E+00,+13.36858E+00
-34.80000E+00,+13.36812E+00
-34.75000E+00,+13.36828E+00
-34.70000E+00,+13.36826E+00
-34.65000E+00,+13.36849E+00
-34.60000E+00,+13.36853E+00
-34.55000E+00,+13.36813E+00
-34.50000E+00,+13.36822E+00
-34.45000E+00,+13.36802E+00
-34.40000E+00,+13.36784E+00
-34.35000E+00,+13.36780E+00
-34.30000E+00,+13.36778E+00
-34.25000E+00,+13.36766E+00
-34.20000E+00,+13.36774E+00
-34.15000E+00,+13.36748E+00
-34.10000E+00,+13.36732E+00
-34.05000E+00,+13.36752E+00
-34.00000E+00,+13.36777E+00
-33.95000E+00,+13.36746E+00
-33.90000E+00,+13.36732E+00
-33.85000E+00,+13.36728E+00
-33.80000E+00,+13.36764E+00
-33.75000E+00,+13.36704E+00
-33.70000E+00,+13.36739E+00
-33.65000E+00,+13.36718E+00
-33.60000E+00,+13.36700E+00
-33.55000E+00,+13.36680E+00
-33.50000E+00,+13.36697E+00
-33.45000E+00,+13.36681E+00
-33.40000E+00,+13.36697E+00
-33.35000E+00,+13.36674E+00
-33.30000E+00,+13.36660E+00
-33.25000E+00,+13.36670E+00
-33.20000E+00,+13.36659E+00
-33.15000E+00,+13.36643E+00
-33.10000E+00,+13.36629E+00
-33.05000E+00,+13.36627E+00
-33.00000E+00,+13.36645E+00
-32.95000E+00,+13.36621E+00
-32.90000E+00,+13.36611E+00
-32.85000E+00,+13.36604E+00
-32.80000E+00,+13.36613E+00
-32.75000E+00,+13.36610E+00
-32.70000E+00,+13.36611E+00
-32.65000E+00,+13.36576E+00
-32.60000E+00,+13.36586E+00
-32.55000E+00,+13.36562E+00
-32.50000E+00,+13.36561E+00
-32.45000E+00,+13.36571E+00
-32.40000E+00,+13.36593E+00
-32.35000E+00,+13.36572E+00
-32.30000E+00,+13.36590E+00
-32.25000E+00,+13.36554E+00
-32.20000E+00,+13.36560E+00
-32.15000E+00,+13.36550E+00
-32.10000E+00,+13.36528E+00
-32.05000E+00,+13.36536E+00
-32.00000E+00,+13.36527E+00
-31.95000E+00,+13.36510E+00
-31.90000E+00,+13.36508E+00
-31.85000E+00,+13.36493E+00
-31.80000E+00,+13.36514E+00
-31.75000E+00,+13.36489E+00
-31.70000E+00,+13.36495E+00
-31.65000E+00,+13.36497E+00
-31.60000E+00,+13.36506E+00
-31.55000E+00,+13.36514E+00
-31.50000E+00,+13.36510E+00
-31.45000E+00,+13.36499E+00
-31.40000E+00,+13.36487E+00
-31.35000E+00,+13.36479E+00
-31.30000E+00,+13.36478E+00
-31.25000E+00,+13.36470E+00
-31.20000E+00,+13.36454E+00
-31.15000E+00,+13.36426E+00
-31.10000E+00,+13.36415E+00
-31.05000E+00,+13.36429E+00
-31.00000E+00,+13.36463E+00
-30.95000E+00,+13.36421E+00
-30.90000E+00,+13.36445E+00
-30.85000E+00,+13.36384E+00
-30.80000E+00,+13.36418E+00
-30.75000E+00,+13.36413E+00
-30.70000E+00,+13.36407E+00
-30.65000E+00,+13.36372E+00
-30.60000E+00,+13.36357E+00
-30.55000E+00,+13.36392E+00
-30.50000E+00,+13.36350E+00
-30.45000E+00,+13.36365E+00
-30.40000E+00,+13.36348E+00
-30.35000E+00,+13.36368E+00
-30.30000E+00,+13.36357E+00
-30.25000E+00,+13.36383E+00
-30.20000E+00,+13.36379E+00
-30.15000E+00,+13.36340E+00
-30.10000E+00,+13.36323E+00
-30.05000E+00,+13.36346E+00
-30.00000E+00,+13.36323E+00
-29.95000E+00,+13.36330E+00
-29.90000E+00,+13.36370E+00
-29.85000E+00,+13.36344E+00
-29.80000E+00,+13.36304E+00
-29.75000E+00,+13.36319E+00
-29.70000E+00,+13.36309E+00
-29.65000E+00,+13.36332E+00
-29.60000E+00,+13.36289E+00
-29.55000E+00,+13.36254E+00
-29.50000E+00,+13.36274E+00
-29.45000E+00,+13.36256E+00
-29.40000E+00,+13.36245E+00
-29.35000E+00,+13.36285E+00
-29.30000E+00,+13.36258E+00
-29.25000E+00,+13.36229E+00
-29.20000E+00,+13.36222E+00
-29.15000E+00,+13.36255E+00
-29.10000E+00,+13.36272E+00
-29.05000E+00,+13.36240E+00
-29.00000E+00,+13.36235E+00
-28.95000E+00,+13.36263E+00
-28.90000E+00,+13.36224E+00
-28.85000E+00,+13.36230E+00
-28.80000E+00,+13.36187E+00
-28.75000E+00,+13.36244E+00
-28.70000E+00,+13.36213E+00
-28.65000E+00,+13.36226E+00
-28.60000E+00,+13.36208E+00
-28.55000E+00,+13.36201E+00
-28.50000E+00,+13.36216E+00
-28.45000E+00,+13.36188E+00
-28.40000E+00,+13.36184E+00
-28.35000E+00,+13.36159E+00
-28.30000E+00,+13.36157E+00
-28.25000E+00,+13.36146E+00
-28.20000E+00,+13.36165E+00
-28.15000E+00,+13.36158E+00
-28.10000E+00,+13.36136E+00
-28.05000E+00,+13.36141E+00
-28.00000E+00,+13.36166E+00
-27.95000E+00,+13.36148E+00
-27.90000E+00,+13.36155E+00
-27.85000E+00,+13.36138E+00
-27.80000E+00,+13.36134E+00
-27.75000E+00,+13.36160E+00
-27.70000E+00,+13.36119E+00
-27.65000E+00,+13.36127E+00
-27.60000E+00,+13.36136E+00
-27.55000E+00,+13.36111E+00
-27.50000E+00,+13.36139E+00
-27.45000E+00,+13.36096E+00
-27.40000E+00,+13.36112E+00
-27.35000E+00,+13.36090E+00
-27.30000E+00,+13.36074E+00
-27.25000E+00,+13.36083E+00
-27.20000E+00,+13.36074E+00
-27.15000E+00,+13.36096E+00
-27.10000E+00,+13.36118E+00
-27.05000E+00,+13.36103E+00
-27.00000E+00,+13.36084E+00
-26.95000E+00,+13.36083E+00
-26.90000E+00,+13.36033E+00
-26.85000E+00,+13.36033E+00
-26.80000E+00,+13.36034E+00
-26.75000E+00,+13.36053E+00
-26.70000E+00,+13.36045E+00
-26.65000E+00,+13.36014E+00
-26.60000E+00,+13.36040E+00
-26.55000E+00,+13.36007E+00
-26.50000E+00,+13.35987E+00
-26.45000E+00,+13.36026E+00
-26.40000E+00,+13.36026E+00
-26.35000E+00,+13.36006E+00
-26.30000E+00,+13.36013E+00
-26.25000E+00,+13.36014E+00
-26.20000E+00,+13.36004E+00
-26.15000E+00,+13.35983E+00
-26.10000E+00,+13.36007E+00
-26.05000E+00,+13.35971E+00
-26.00000E+00,+13.35976E+00
-25.95000E+00,+13.36006E+00
-25.90000E+00,+13.35977E+00
-25.85000E+00,+13.35969E+00
-25.80000E+00,+13.35926E+00
-25.75000E+00,+13.35969E+00
-25.70000E+00,+13.35950E+00
-25.65000E+00,+13.35965E+00
-25.60000E+00,+13.35962E+00
-25.55000E+00,+13.35931E+00
-25.50000E+00,+13.35937E+00
-25.45000E+00,+13.35930E+00
-25.40000E+00,+13.35909E+00
-25.35000E+00,+13.35912E+00
-25.30000E+00,+13.35890E+00
-25.25000E+00,+13.35888E+00
-25.20000E+00,+13.35871E+00
-25.15000E+00,+13.35913E+00
-25.10000E+00,+13.35920E+00
-25.05000E+00,+13.35899E+00
-25.00000E+00,+13.35894E+00
-24.95000E+00,+13.35870E+00
-24.90000E+00,+13.35890E+00
-24.85000E+00,+13.35862E+00
-24.80000E+00,+13.35884E+00
-24.75000E+00,+13.35879E+00
-24.70000E+00,+13.35867E+00
-24.65000E+00,+13.35861E+00
-24.60000E+00,+13.35822E+00
-24.55000E+00,+13.35848E+00
-24.50000E+00,+13.35824E+00
-24.45000E+00,+13.35871E+00
-24.40000E+00,+13.35853E+00
-24.35000E+00,+13.35839E+00
-24.30000E+00,+13.35821E+00
-24.25000E+00,+13.35833E+00
-24.20000E+00,+13.35835E+00
-24.15000E+00,+13.35843E+00
-24.10000E+00,+13.35830E+00
-24.05000E+00,+13.35807E+00
-24.00000E+00,+13.35798E+00
-23.95000E+00,+13.35794E+00
-23.90000E+00,+13.35798E+00
-23.85000E+00,+13.35795E+00
-23.80000E+00,+13.35765E+00
-23.75000E+00,+13.35784E+00
-23.70000E+00,+13.35779E+00
-23.65000E+00,+13.35768E+00
-23.60000E+00,+13.35776E+00
-23.55000E+00,+13.35806E+00
-23.50000E+00,+13.35775E+00
-23.45000E+00,+13.35803E+00
-23.40000E+00,+13.35777E+00
-23.35000E+00,+13.35780E+00
-23.30000E+00,+13.35765E+00
-23.25000E+00,+13.35723E+00
-23.20000E+00,+13.35754E+00
-23.15000E+00,+13.35735E+00
-23.10000E+00,+13.35717E+00
-23.05000E+00,+13.35730E+00
-23.00000E+00,+13.35706E+00
-22.95000E+00,+13.35716E+00
-22.90000E+00,+13.35700E+00
-22.85000E+00,+13.35714E+00
-22.80000E+00,+13.35702E+00
-22.75000E+00,+13.35719E+00
-22.70000E+00,+13.35698E+00
-22.65000E+00,+13.35692E+00
-22.60000E+00,+13.35723E+00
-22.55000E+00,+13.35737E+00
-22.50000E+00,+13.35690E+00
-22.45000E+00,+13.35677E+00
-22.40000E+00,+13.35722E+00
-22.35000E+00,+13.35715E+00
-22.30000E+00,+13.35685E+00
-22.25000E+00,+13.35683E+00
-22.20000E+00,+13.35682E+00
-22.15000E+00,+13.35691E+00
-22.10000E+00,+13.35708E+00
-22.05000E+00,+13.35667E+00
-22.00000E+00,+13.35661E+00
-21.95000E+00,+13.35648E+00
-21.90000E+00,+13.35653E+00
-21.85000E+00,+13.35652E+00
-21.80000E+00,+13.35663E+00
-21.75000E+00,+13.35641E+00
-21.70000E+00,+13.35657E+00
-21.65000E+00,+13.35605E+00
-21.60000E+00,+13.35628E+00
-21.55000E+00,+13.35626E+00
-21.50000E+00,+13.35603E+00
-21.45000E+00,+13.35639E+00
-21.40000E+00,+13.35607E+00
-21.35000E+00,+13.35587E+00
-21.30000E+00,+13.35585E+00
-21.25000E+00,+13.35600E+00
-21.20000E+00,+13.35598E+00
-21.15000E+00,+13.35591E+00
-21.10000E+00,+13.35579E+00
-21.05000E+00,+13.35599E+00
-21.00000E+00,+13.35573E+00
-20.95000E+00,+13.35604E+00
-20.90000E+00,+13.35655E+00
-20.85000E+00,+13.35582E+00
-20.80000E+00,+13.35571E+00
-20.75000E+00,+13.35557E+00
-20.70000E+00,+13.35565E+00
-20.65000E+00,+13.35550E+00
-20.60000E+00,+13.35584E+00
-20.55000E+00,+13.35580E+00
-20.50000E+00,+13.35565E+00
-20.45000E+00,+13.35531E+00
-20.40000E+00,+13.35561E+00
-20.35000E+00,+13.35519E+00
-20.30000E+00,+13.35533E+00
-20.25000E+00,+13.35587E+00
-20.20000E+00,+13.35526E+00
-20.15000E+00,+13.35504E+00
-20.10000E+00,+13.35531E+00
-20.05000E+00,+13.35490E+00
-20.00000E+00,+13.35517E+00
-19.95000E+00,+13.35521E+00
-19.90000E+00,+13.35492E+00
-19.85000E+00,+13.35485E+00
-19.80000E+00,+13.35498E+00
-19.75000E+00,+13.35486E+00
-19.70000E+00,+13.35494E+00
-19.65000E+00,+13.35475E+00
-19.60000E+00,+13.35472E+00
-19.55000E+00,+13.35480E+00
-19.50000E+00,+13.35473E+00
-19.45000E+00,+13.35474E+00
-19.40000E+00,+13.35491E+00
-19.35000E+00,+13.35469E+00
-19.30000E+00,+13.35477E+00
-19.25000E+00,+13.35444E+00
-19.20000E+00,+13.35443E+00
-19.15000E+00,+13.35456E+00
-19.10000E+00,+13.35443E+00
-19.05000E+00,+13.35490E+00
-19.00000E+00,+13.35432E+00
-18.95000E+00,+13.35424E+00
-18.90000E+00,+13.35432E+00
-18.85000E+00,+13.35427E+00
-18.80000E+00,+13.35432E+00
-18.75000E+00,+13.35456E+00
-18.70000E+00,+13.35404E+00
-18.65000E+00,+13.35415E+00
-18.60000E+00,+13.35390E+00
-18.55000E+00,+13.35384E+00
-18.50000E+00,+13.35411E+00
-18.45000E+00,+13.35414E+00
-18.40000E+00,+13.35410E+00
-18.35000E+00,+13.35386E+00
-18.30000E+00,+13.35381E+00
-18.25000E+00,+13.35386E+00
-18.20000E+00,+13.35404E+00
-18.15000E+00,+13.35373E+00
-18.10000E+00,+13.35395E+00
-18.05000E+00,+13.35362E+00
-18.00000E+00,+13.35384E+00
-17.95000E+00,+13.35383E+00
-17.90000E+00,+13.35370E+00
-17.85000E+00,+13.35363E+00
-17.80000E+00,+13.35336E+00
-17.75000E+00,+13.35398E+00
-17.70000E+00,+13.35364E+00
-17.65000E+00,+13.35347E+00
-17.60000E+00,+13.35357E+00
-17.55000E+00,+13.35351E+00
-17.50000E+00,+13.35340E+00
-17.45000E+00,+13.35318E+00
-17.40000E+00,+13.35326E+00
-17.35000E+00,+13.35343E+00
-17.30000E+00,+13.35351E+00
-17.25000E+00,+13.35325E+00
-17.20000E+00,+13.35324E+00
-17.15000E+00,+13.35294E+00
-17.10000E+00,+13.35307E+00
-17.05000E+00,+13.35326E+00
-17.00000E+00,+13.35309E+00
-16.95000E+00,+13.35287E+00
-16.90000E+00,+13.35302E+00
-16.85000E+00,+13.35284E+00
-16.80000E+00,+13.35290E+00
-16.75000E+00,+13.35334E+00
-16.70000E+00,+13.35293E+00
-16.65000E+00,+13.35274E+00
-16.60000E+00,+13.35281E+00
-16.55000E+00,+13.35261E+00
-16.50000E+00,+13.35245E+00
-16.45000E+00,+13.35281E+00
-16.40000E+00,+13.35253E+00
-16.35000E+00,+13.35252E+00
-16.30000E+00,+13.35249E+00
-16.25000E+00,+13.35272E+00
-16.20000E+00,+13.35235E+00
-16.15000E+00,+13.35234E+00
-16.10000E+00,+13.35280E+00
-16.05000E+00,+13.35289E+00
-16.00000E+00,+13.35237E+00
-15.95000E+00,+13.35241E+00
-15.90000E+00,+13.35198E+00
-15.85000E+00,+13.35205E+00
-15.80000E+00,+13.35190E+00
-15.75000E+00,+13.35204E+00
-15.70000E+00,+13.35196E+00
-15.65000E+00,+13.35209E+00
-15.60000E+00,+13.35234E+00
-15.55000E+00,+13.35209E+00
-15.50000E+00,+13.35188E+00
-15.45000E+00,+13.35196E+00
-15.40000E+00,+13.35189E+00
-15.35000E+00,+13.35179E+00
-15.30000E+00,+13.35177E+00
-15.25000E+00,+13.35179E+00
-15.20000E+00,+13.35186E+00
-15.15000E+00,+13.35208E+00
-15.10000E+00,+13.35183E+00
-15.05000E+00,+13.35161E+00
-15.00000E+00,+13.35215E+00
-14.95000E+00,+13.35165E+00
-14.90000E+00,+13.35180E+00
-14.85000E+00,+13.35153E+00
-14.80000E+00,+13.35158E+00
-14.75000E+00,+13.35204E+00
-14.70000E+00,+13.35169E+00
-14.65000E+00,+13.35141E+00
-14.60000E+00,+13.35148E+00
-14.55000E+00,+13.35137E+00
-14.50000E+00,+13.35125E+00
-14.45000E+00,+13.35130E+00
-14.40000E+00,+13.35153E+00
-14.35000E+00,+13.35137E+00
-14.30000E+00,+13.35176E+00
-14.25000E+00,+13.35132E+00
-14.20000E+00,+13.35129E+00
-14.15000E+00,+13.35113E+00
-14.10000E+00,+13.35139E+00
-14.05000E+00,+13.35099E+00
-14.00000E+00,+13.35113E+00
-13.95000E+00,+13.35116E+00
-13.90000E+00,+13.35106E+00
-13.85000E+00,+13.35100E+00
-13.80000E+00,+13.35088E+00
-13.75000E+00,+13.35083E+00
-13.70000E+00,+13.35071E+00
-13.65000E+00,+13.35068E+00
-13.60000E+00,+13.35102E+00
-13.55000E+00,+13.35101E+00
-13.50000E+00,+13.35052E+00
-13.45000E+00,+13.35020E+00
-13.40000E+00,+13.35086E+00
-13.35000E+00,+13.35067E+00
-13.30000E+00,+13.35062E+00
-13.25000E+00,+13.35043E+00
-13.20000E+00,+13.35052E+00
-13.15000E+00,+13.35116E+00
-13.10000E+00,+13.35051E+00
-13.05000E+00,+13.35023E+00
-13.00000E+00,+13.35023E+00
-12.95000E+00,+13.35017E+00
-12.90000E+00,+13.35020E+00
-12.85000E+00,+13.35052E+00
-12.80000E+00,+13.35027E+00
-12.75000E+00,+13.35022E+00
-12.70000E+00,+13.35030E+00
-12.65000E+00,+13.35038E+00
-12.60000E+00,+13.35027E+00
-12.55000E+00,+13.34998E+00
-12.50000E+00,+13.34993E+00
-12.45000E+00,+13.35005E+00
-12.40000E+00,+13.35029E+00
-12.35000E+00,+13.35027E+00
-12.30000E+00,+13.35000E+00
-12.25000E+00,+13.34986E+00
-12.20000E+00,+13.35004E+00
-12.15000E+00,+13.34992E+00
-12.10000E+00,+13.34984E+00
-12.05000E+00,+13.34974E+00
-12.00000E+00,+13.35031E+00
-11.95000E+00,+13.35037E+00
-11.90000E+00,+13.34988E+00
-11.85000E+00,+13.34968E+00
-11.80000E+00,+13.34963E+00
-11.75000E+00,+13.34965E+00
-11.70000E+00,+13.34963E+00
-11.65000E+00,+13.34977E+00
-11.60000E+00,+13.34999E+00
-11.55000E+00,+13.34930E+00
-11.50000E+00,+13.34945E+00
-11.45000E+00,+13.34954E+00
-11.40000E+00,+13.34964E+00
-11.35000E+00,+13.34951E+00
-11.30000E+00,+13.34957E+00
-11.25000E+00,+13.34925E+00
-11.20000E+00,+13.34922E+00
-11.15000E+00,+13.34938E+00
-11.10000E+00,+13.34923E+00
-11.05000E+00,+13.34902E+00
-11.00000E+00,+13.34944E+00
-10.95000E+00,+13.34943E+00
-10.90000E+00,+13.34888E+00
-10.85000E+00,+13.34911E+00
-10.80000E+00,+13.34922E+00
-10.75000E+00,+13.34915E+00
-10.70000E+00,+13.34916E+00
-10.65000E+00,+13.34920E+00
-10.60000E+00,+13.34902E+00
-10.55000E+00,+13.34881E+00
-10.50000E+00,+13.34887E+00
-10.45000E+00,+13.34896E+00
-10.40000E+00,+13.34888E+00
-10.35000E+00,+13.34897E+00
-10.30000E+00,+13.34903E+00
-10.25000E+00,+13.34872E+00
-10.20000E+00,+13.34879E+00
-10.15000E+00,+13.34893E+00
-10.10000E+00,+13.34905E+00
-10.05000E+00,+13.34889E+00
-10.00000E+00,+13.34865E+00
-9.95000E+00,+13.34863E+00
-9.90000E+00,+13.34861E+00
-9.85000E+00,+13.34899E+00
-9.80000E+00,+13.34881E+00
-9.75000E+00,+13.34887E+00
-9.70000E+00,+13.34843E+00
-9.65000E+00,+13.34843E+00
-9.60000E+00,+13.34818E+00
-9.55000E+00,+13.34843E+00
-9.50000E+00,+13.34841E+00
-9.45000E+00,+13.34833E+00
-9.40000E+00,+13.34835E+00
-9.35000E+00,+13.34820E+00
-9.30000E+00,+13.34827E+00
-9.25000E+00,+13.34844E+00
-9.20000E+00,+13.34852E+00
-9.15000E+00,+13.34834E+00
-9.10000E+00,+13.34829E+00
-9.05000E+00,+13.34839E+00
-9.00000E+00,+13.34798E+00
-8.95000E+00,+13.34824E+00
-8.90000E+00,+13.34827E+00
-8.85000E+00,+13.34799E+00
-8.80000E+00,+13.34782E+00
-8.75000E+00,+13.34782E+00
-8.70000E+00,+13.34801E+00
-8.65000E+00,+13.34770E+00
-8.60000E+00,+13.34805E+00
-8.55000E+00,+13.34813E+00
-8.50000E+00,+13.34784E+00
-8.45000E+00,+13.34801E+00
-8.40000E+00,+13.34779E+00
-8.35000E+00,+13.34765E+00
-8.30000E+00,+13.34771E+00
-8.25000E+00,+13.34743E+00
-8.20000E+00,+13.34747E+00
-8.15000E+00,+13.34749E+00
-8.10000E+00,+13.34752E+00
-8.05000E+00,+13.34735E+00
-8.00000E+00,+13.34763E+00
-7.95000E+00,+13.34714E+00
-7.90000E+00,+13.34747E+00
-7.85000E+00,+13.34720E+00
-7.80000E+00,+13.34706E+00
-7.75000E+00,+13.34754E+00
-7.70000E+00,+13.34718E+00
-7.65000E+00,+13.34759E+00
-7.60000E+00,+13.34747E+00
-7.55000E+00,+13.34719E+00
-7.50000E+00,+13.34770E+00
-7.45000E+00,+13.34723E+00
-7.40000E+00,+13.34712E+00
-7.35000E+00,+13.34712E+00
-7.30000E+00,+13.34685E+00
-7.25000E+00,+13.34682E+00
-7.20000E+00,+13.34673E+00
-7.15000E+00,+13.34696E+00
-7.10000E+00,+13.34687E+00
-7.05000E+00,+13.34673E+00
-7.00000E+00,+13.34671E+00
-6.95000E+00,+13.34686E+00
-6.90000E+00,+13.34679E+00
-6.85000E+00,+13.34709E+00
-6.80000E+00,+13.34677E+00
-6.75000E+00,+13.34711E+00
-6.70000E+00,+13.34662E+00
-6.65000E+00,+13.34673E+00
-6.60000E+00,+13.34649E+00
-6.55000E+00,+13.34695E+00
-6.50000E+00,+13.34699E+00
-6.45000E+00,+13.34645E+00
-6.40000E+00,+13.34650E+00
-6.35000E+00,+13.34644E+00
-6.30000E+00,+13.34649E+00
-6.25000E+00,+13.34669E+00
-6.20000E+00,+13.34674E+00
-6.15000E+00,+13.34656E+00
-6.10000E+00,+13.34636E+00
-6.05000E+00,+13.34650E+00
-6.00000E+00,+13.34697E+00
-5.95000E+00,+13.34642E+00
-5.90000E+00,+13.34631E+00
-5.85000E+00,+13.34611E+00
-5.80000E+00,+13.34621E+00
-5.75000E+00,+13.34621E+00
-5.70000E+00,+13.34674E+00
-5.65000E+00,+13.34645E+00
-5.60000E+00,+13.34610E+00
-5.55000E+00,+13.34587E+00
-5.50000E+00,+13.34606E+00
-5.45000E+00,+13.34595E+00
-5.40000E+00,+13.34586E+00
-5.35000E+00,+13.34578E+00
-5.30000E+00,+13.34582E+00
-5.25000E+00,+13.34592E+00
-5.20000E+00,+13.34616E+00
-5.15000E+00,+13.34618E+00
-5.10000E+00,+13.34593E+00
-5.05000E+00,+13.34595E+00
-5.00000E+00,+13.34612E+00
-4.95000E+00,+13.34581E+00
-4.90000E+00,+13.34568E+00
-4.85000E+00,+13.34559E+00
-4.80000E+00,+13.34556E+00
-4.75000E+00,+13.34568E+00
-4.70000E+00,+13.34548E+00
-4.65000E+00,+13.34538E+00
-4.60000E+00,+13.34544E+00
-4.55000E+00,+13.34556E+00
-4.50000E+00,+13.34565E+00
-4.45000E+00,+13.34561E+00
-4.40000E+00,+13.34552E+00
-4.35000E+00,+13.34541E+00
-4.30000E+00,+13.34544E+00
-4.25000E+00,+13.34549E+00
-4.20000E+00,+13.34522E+00
-4.15000E+00,+13.34600E+00
-4.10000E+00,+13.34533E+00
-4.05000E+00,+13.34533E+00
-4.00000E+00,+13.34553E+00
-3.95000E+00,+13.34534E+00
-3.90000E+00,+13.34525E+00
-3.85000E+00,+13.34526E+00
-3.80000E+00,+13.34528E+00
-3.75000E+00,+13.34510E+00
-3.70000E+00,+13.34507E+00
-3.65000E+00,+13.34500E+00
-3.60000E+00,+13.34515E+00
-3.55000E+00,+13.34523E+00
-3.50000E+00,+13.34523E+00
-3.45000E+00,+13.34522E+00
-3.40000E+00,+13.34467E+00
-3.35000E+00,+13.34501E+00
-3.30000E+00,+13.34489E+00
-3.25000E+00,+13.34489E+00
-3.20000E+00,+13.34469E+00
-3.15000E+00,+13.34484E+00
-3.10000E+00,+13.34470E+00
-3.05000E+00,+13.34470E+00
-3.00000E+00,+13.34547E+00
-2.95000E+00,+13.34467E+00
-2.90000E+00,+13.34495E+00
-2.85000E+00,+13.34425E+00
-2.80000E+00,+13.34473E+00
-2.75000E+00,+13.34474E+00
-2.70000E+00,+13.34469E+00
-2.65000E+00,+13.34463E+00
-2.60000E+00,+13.34493E+00
-2.55000E+00,+13.34487E+00
-2.50000E+00,+13.34446E+00
-2.45000E+00,+13.34416E+00
-2.40000E+00,+13.34473E+00
-2.35000E+00,+13.34484E+00
-2.30000E+00,+13.34452E+00
-2.25000E+00,+13.34404E+00
-2.20000E+00,+13.34416E+00
-2.15000E+00,+13.34396E+00
-2.10000E+00,+13.34442E+00
-2.05000E+00,+13.34388E+00
-2.00000E+00,+13.34393E+00
-1.95000E+00,+13.34396E+00
-1.90000E+00,+13.34399E+00
-1.85000E+00,+13.34443E+00
-1.80000E+00,+13.34401E+00
-1.75000E+00,+13.34383E+00
-1.70000E+00,+13.34392E+00
-1.65000E+00,+13.34408E+00
-1.60000E+00,+13.34412E+00
-1.55000E+00,+13.34394E+00
-1.50000E+00,+13.34372E+00
-1.45000E+00,+13.34365E+00
-1.40000E+00,+13.34371E+00
-1.35000E+00,+13.34360E+00
-1.30000E+00,+13.34350E+00
-1.25000E+00,+13.34341E+00
-1.20000E+00,+13.34370E+00
-1.15000E+00,+13.34396E+00
-1.10000E+00,+13.34373E+00
-1.05000E+00,+13.34348E+00
-1.00000E+00,+13.34358E+00
-950.00E-03,+13.34367E+00
-900.00E-03,+13.34345E+00
-850.00E-03,+13.34340E+00
-800.00E-03,+13.34343E+00
-750.00E-03,+13.34380E+00
-700.00E-03,+13.34340E+00
-650.00E-03,+13.34334E+00
-600.00E-03,+13.34349E+00
-550.00E-03,+13.34333E+00
-500.00E-03,+13.34333E+00
-450.00E-03,+13.34317E+00
-400.00E-03,+13.34304E+00
-350.00E-03,+13.34318E+00
-300.00E-03,+13.34330E+00
-250.00E-03,+13.34343E+00
-200.00E-03,+13.34316E+00
-150.00E-03,+13.34286E+00
-100.00E-03,+13.38289E+00
-50.00E-03,+13.38427E+00
-0.0E+00,+13.38456E+00
+50.00E-03,+13.38493E+00
+100.00E-03,+13.38497E+00
+150.00E-03,+13.38551E+00
+200.00E-03,+13.38554E+00
+250.00E-03,+13.38569E+00
+300.00E-03,+13.38581E+00
+350.00E-03,+13.38589E+00
+400.00E-03,+13.38633E+00
+450.00E-03,+13.38673E+00
+500.00E-03,+13.38667E+00
+550.00E-03,+13.38720E+00
+600.00E-03,+13.38698E+00
+650.00E-03,+13.38683E+00
+700.00E-03,+13.38792E+00
+750.00E-03,+13.38741E+00
+800.00E-03,+13.38688E+00
+850.00E-03,+13.38732E+00
+900.00E-03,+13.38749E+00
+950.00E-03,+13.38754E+00
+1.00000E+00,+13.38777E+00
+1.05000E+00,+13.38814E+00
+1.10000E+00,+13.38775E+00
+1.15000E+00,+13.38773E+00
+1.20000E+00,+13.38812E+00
+1.25000E+00,+13.38833E+00
+1.30000E+00,+13.38807E+00
+1.35000E+00,+13.38820E+00
+1.40000E+00,+13.38832E+00
+1.45000E+00,+13.38817E+00
+1.50000E+00,+13.38877E+00
+1.55000E+00,+13.38867E+00
+1.60000E+00,+13.38899E+00
+1.65000E+00,+13.38885E+00
+1.70000E+00,+13.38869E+00
+1.75000E+00,+13.38895E+00
+1.80000E+00,+13.38875E+00
+1.85000E+00,+13.38878E+00
+1.90000E+00,+13.38871E+00
+1.95000E+00,+13.38905E+00
+2.00000E+00,+13.38891E+00
+2.05000E+00,+13.38911E+00
+2.10000E+00,+13.38893E+00
+2.15000E+00,+13.38921E+00
+2.20000E+00,+13.38928E+00
+2.25000E+00,+13.38940E+00
+2.30000E+00,+13.38982E+00
+2.35000E+00,+13.38931E+00
+2.40000E+00,+13.38934E+00
+2.45000E+00,+13.38915E+00
+2.50000E+00,+13.38939E+00
+2.55000E+00,+13.38945E+00
+2.60000E+00,+13.38936E+00
+2.65000E+00,+13.38945E+00
+2.70000E+00,+13.38958E+00
+2.75000E+00,+13.38961E+00
+2.80000E+00,+13.38973E+00
+2.85000E+00,+13.38975E+00
+2.90000E+00,+13.38982E+00
+2.95000E+00,+13.38982E+00
+3.00000E+00,+13.38995E+00
+3.05000E+00,+13.39026E+00
+3.10000E+00,+13.39024E+00
+3.15000E+00,+13.39028E+00
+3.20000E+00,+13.39066E+00
+3.25000E+00,+13.39026E+00
+3.30000E+00,+13.39036E+00
+3.35000E+00,+13.39063E+00
+3.40000E+00,+13.39078E+00
+3.45000E+00,+13.39052E+00
+3.50000E+00,+13.39051E+00
+3.55000E+00,+13.39066E+00
+3.60000E+00,+13.39080E+00
+3.65000E+00,+13.39090E+00
+3.70000E+00,+13.39048E+00
+3.75000E+00,+13.39037E+00
+3.80000E+00,+13.39049E+00
+3.85000E+00,+13.39056E+00
+3.90000E+00,+13.39132E+00
+3.95000E+00,+13.39102E+00
+4.00000E+00,+13.39091E+00
+4.05000E+00,+13.39086E+00
+4.10000E+00,+13.39115E+00
+4.15000E+00,+13.39104E+00
+4.20000E+00,+13.39122E+00
+4.25000E+00,+13.39105E+00
+4.30000E+00,+13.39093E+00
+4.35000E+00,+13.39127E+00
+4.40000E+00,+13.39116E+00
+4.45000E+00,+13.39116E+00
+4.50000E+00,+13.39133E+00
+4.55000E+00,+13.39162E+00
+4.60000E+00,+13.39128E+00
+4.65000E+00,+13.39149E+00
+4.70000E+00,+13.39149E+00
+4.75000E+00,+13.39132E+00
+4.80000E+00,+13.39157E+00
+4.85000E+00,+13.39120E+00
+4.90000E+00,+13.39132E+00
+4.95000E+00,+13.39125E+00
+5.00000E+00,+13.39154E+00
+5.05000E+00,+13.39168E+00
+5.10000E+00,+13.39165E+00
+5.15000E+00,+13.39167E+00
+5.20000E+00,+13.39145E+00
+5.25000E+00,+13.39133E+00
+5.30000E+00,+13.39206E+00
+5.35000E+00,+13.39164E+00
+5.40000E+00,+13.39174E+00
+5.45000E+00,+13.39194E+00
+5.50000E+00,+13.39200E+00
+5.55000E+00,+13.39188E+00
+5.60000E+00,+13.39210E+00
+5.65000E+00,+13.39190E+00
+5.70000E+00,+13.39175E+00
+5.75000E+00,+13.39203E+00
+5.80000E+00,+13.39225E+00
+5.85000E+00,+13.39214E+00
+5.90000E+00,+13.39190E+00
+5.95000E+00,+13.39187E+00
+6.00000E+00,+13.39203E+00
+6.05000E+00,+13.39234E+00
+6.10000E+00,+13.39233E+00
+6.15000E+00,+13.39204E+00
+6.20000E+00,+13.39247E+00
+6.25000E+00,+13.39206E+00
+6.30000E+00,+13.39249E+00
+6.35000E+00,+13.39260E+00
+6.40000E+00,+13.39235E+00
+6.45000E+00,+13.39223E+00
+6.50000E+00,+13.39244E+00
+6.55000E+00,+13.39242E+00
+6.60000E+00,+13.39283E+00
+6.65000E+00,+13.39227E+00
+6.70000E+00,+13.39278E+00
+6.75000E+00,+13.39257E+00
+6.80000E+00,+13.39270E+00
+6.85000E+00,+13.39308E+00
+6.90000E+00,+13.39282E+00
+6.95000E+00,+13.39249E+00
+7.00000E+00,+13.39279E+00
+7.05000E+00,+13.39278E+00
+7.10000E+00,+13.39268E+00
+7.15000E+00,+13.39272E+00
+7.20000E+00,+13.39270E+00
+7.25000E+00,+13.39277E+00
+7.30000E+00,+13.39294E+00
+7.35000E+00,+13.39273E+00
+7.40000E+00,+13.39298E+00
+7.45000E+00,+13.39304E+00
+7.50000E+00,+13.39297E+00
+7.55000E+00,+13.39301E+00
+7.60000E+00,+13.39318E+00
+7.65000E+00,+13.39312E+00
+7.70000E+00,+13.39303E+00
+7.75000E+00,+13.39299E+00
+7.80000E+00,+13.39328E+00
+7.85000E+00,+13.39354E+00
+7.90000E+00,+13.39325E+00
+7.95000E+00,+13.39329E+00
+8.00000E+00,+13.39342E+00
+8.05000E+00,+13.39338E+00
+8.10000E+00,+13.39341E+00
+8.15000E+00,+13.39348E+00
+8.20000E+00,+13.39335E+00
+8.25000E+00,+13.39333E+00
+8.30000E+00,+13.39322E+00
+8.35000E+00,+13.39332E+00
+8.40000E+00,+13.39321E+00
+8.45000E+00,+13.39312E+00
+8.50000E+00,+13.39356E+00
+8.55000E+00,+13.39342E+00
+8.60000E+00,+13.39329E+00
+8.65000E+00,+13.39361E+00
+8.70000E+00,+13.39334E+00
+8.75000E+00,+13.39357E+00
+8.80000E+00,+13.39353E+00
+8.85000E+00,+13.39354E+00
+8.90000E+00,+13.39386E+00
+8.95000E+00,+13.39393E+00
+9.00000E+00,+13.39410E+00
+9.05000E+00,+13.39386E+00
+9.10000E+00,+13.39372E+00
+9.15000E+00,+13.39373E+00
+9.20000E+00,+13.39364E+00
+9.25000E+00,+13.39415E+00
+9.30000E+00,+13.39426E+00
+9.35000E+00,+13.39402E+00
+9.40000E+00,+13.39410E+00
+9.45000E+00,+13.39416E+00
+9.50000E+00,+13.39392E+00
+9.55000E+00,+13.39407E+00
+9.60000E+00,+13.39401E+00
+9.65000E+00,+13.39396E+00
+9.70000E+00,+13.39377E+00
+9.75000E+00,+13.39411E+00
+9.80000E+00,+13.39403E+00
+9.85000E+00,+13.39410E+00
+9.90000E+00,+13.39393E+00
+9.95000E+00,+13.39400E+00
+10.00000E+00,+13.39436E+00
+10.05000E+00,+13.39400E+00
+10.10000E+00,+13.39427E+00
+10.15000E+00,+13.39402E+00
+10.20000E+00,+13.39430E+00
+10.25000E+00,+13.39413E+00
+10.30000E+00,+13.39418E+00
+10.35000E+00,+13.39457E+00
+10.40000E+00,+13.39436E+00
+10.45000E+00,+13.39425E+00
+10.50000E+00,+13.39455E+00
+10.55000E+00,+13.39481E+00
+10.60000E+00,+13.39439E+00
+10.65000E+00,+13.39450E+00
+10.70000E+00,+13.39446E+00
+10.75000E+00,+13.39420E+00
+10.80000E+00,+13.39418E+00
+10.85000E+00,+13.39466E+00
+10.90000E+00,+13.39437E+00
+10.95000E+00,+13.39455E+00
+11.00000E+00,+13.39453E+00
+11.05000E+00,+13.39458E+00
+11.10000E+00,+13.39417E+00
+11.15000E+00,+13.39464E+00
+11.20000E+00,+13.39475E+00
+11.25000E+00,+13.39444E+00
+11.30000E+00,+13.39482E+00
+11.35000E+00,+13.39483E+00
+11.40000E+00,+13.39480E+00
+11.45000E+00,+13.39498E+00
+11.50000E+00,+13.39506E+00
+11.55000E+00,+13.39492E+00
+11.60000E+00,+13.39464E+00
+11.65000E+00,+13.39442E+00
+11.70000E+00,+13.39479E+00
+11.75000E+00,+13.39494E+00
+11.80000E+00,+13.39491E+00
+11.85000E+00,+13.39484E+00
+11.90000E+00,+13.39477E+00
+11.95000E+00,+13.39517E+00
+12.00000E+00,+13.39515E+00
+12.05000E+00,+13.39499E+00
+12.10000E+00,+13.39527E+00
+12.15000E+00,+13.39522E+00
+12.20000E+00,+13.39500E+00
+12.25000E+00,+13.39513E+00
+12.30000E+00,+13.39502E+00
+12.35000E+00,+13.39484E+00
+12.40000E+00,+13.39483E+00
+12.45000E+00,+13.39468E+00
+12.50000E+00,+13.39523E+00
+12.55000E+00,+13.39529E+00
+12.60000E+00,+13.39519E+00
+12.65000E+00,+13.39518E+00
+12.70000E+00,+13.39554E+00
+12.75000E+00,+13.39517E+00
+12.80000E+00,+13.39511E+00
+12.85000E+00,+13.39507E+00
+12.90000E+00,+13.39520E+00
+12.95000E+00,+13.39527E+00
+13.00000E+00,+13.39523E+00
+13.05000E+00,+13.39519E+00
+13.10000E+00,+13.39546E+00
+13.15000E+00,+13.39571E+00
+13.20000E+00,+13.39550E+00
+13.25000E+00,+13.39553E+00
+13.30000E+00,+13.39561E+00
+13.35000E+00,+13.39563E+00
+13.40000E+00,+13.39518E+00
+13.45000E+00,+13.39556E+00
+13.50000E+00,+13.39530E+00
+13.55000E+00,+13.39560E+00
+13.60000E+00,+13.39542E+00
+13.65000E+00,+13.39549E+00
+13.70000E+00,+13.39538E+00
+13.75000E+00,+13.39515E+00
+13.80000E+00,+13.39548E+00
+13.85000E+00,+13.39578E+00
+13.90000E+00,+13.39581E+00
+13.95000E+00,+13.39544E+00
+14.00000E+00,+13.39551E+00
+14.05000E+00,+13.39598E+00
+14.10000E+00,+13.39584E+00
+14.15000E+00,+13.39550E+00
+14.20000E+00,+13.39556E+00
+14.25000E+00,+13.39576E+00
+14.30000E+00,+13.39571E+00
+14.35000E+00,+13.39576E+00
+14.40000E+00,+13.39569E+00
+14.45000E+00,+13.39581E+00
+14.50000E+00,+13.39573E+00
+14.55000E+00,+13.39582E+00
+14.60000E+00,+13.39588E+00
+14.65000E+00,+13.39568E+00
+14.70000E+00,+13.39568E+00
+14.75000E+00,+13.39588E+00
+14.80000E+00,+13.39580E+00
+14.85000E+00,+13.39551E+00
+14.90000E+00,+13.39598E+00
+14.95000E+00,+13.39582E+00
+15.00000E+00,+13.39587E+00
+15.05000E+00,+13.39605E+00
+15.10000E+00,+13.39606E+00
+15.15000E+00,+13.39580E+00
+15.20000E+00,+13.39614E+00
+15.25000E+00,+13.39594E+00
+15.30000E+00,+13.39576E+00
+15.35000E+00,+13.39620E+00
+15.40000E+00,+13.39576E+00
+15.45000E+00,+13.39649E+00
+15.50000E+00,+13.39625E+00
+15.55000E+00,+13.39579E+00
+15.60000E+00,+13.39595E+00
+15.65000E+00,+13.39583E+00
+15.70000E+00,+13.39582E+00
+15.75000E+00,+13.39595E+00
+15.80000E+00,+13.39610E+00
+15.85000E+00,+13.39612E+00
+15.90000E+00,+13.39617E+00
+15.95000E+00,+13.39606E+00
+16.00000E+00,+13.39619E+00
+16.05000E+00,+13.39605E+00
+16.10000E+00,+13.39608E+00
+16.15000E+00,+13.39642E+00
+16.20000E+00,+13.39622E+00
+16.25000E+00,+13.39651E+00
+16.30000E+00,+13.39620E+00
+16.35000E+00,+13.39651E+00
+16.40000E+00,+13.39651E+00
+16.45000E+00,+13.39616E+00
+16.50000E+00,+13.39632E+00
+16.55000E+00,+13.39624E+00
+16.60000E+00,+13.39606E+00
+16.65000E+00,+13.39625E+00
+16.70000E+00,+13.39663E+00
+16.75000E+00,+13.39650E+00
+16.80000E+00,+13.39657E+00
+16.85000E+00,+13.39651E+00
+16.90000E+00,+13.39635E+00
+16.95000E+00,+13.39650E+00
+17.00000E+00,+13.39647E+00
+17.05000E+00,+13.39651E+00
+17.10000E+00,+13.39665E+00
+17.15000E+00,+13.39679E+00
+17.20000E+00,+13.39640E+00
+17.25000E+00,+13.39634E+00
+17.30000E+00,+13.39657E+00
+17.35000E+00,+13.39659E+00
+17.40000E+00,+13.39650E+00
+17.45000E+00,+13.39671E+00
+17.50000E+00,+13.39674E+00
+17.55000E+00,+13.39671E+00
+17.60000E+00,+13.39706E+00
+17.65000E+00,+13.39685E+00
+17.70000E+00,+13.39662E+00
+17.75000E+00,+13.39650E+00
+17.80000E+00,+13.39665E+00
+17.85000E+00,+13.39639E+00
+17.90000E+00,+13.39693E+00
+17.95000E+00,+13.39663E+00
+18.00000E+00,+13.39690E+00
+18.05000E+00,+13.39673E+00
+18.10000E+00,+13.39651E+00
+18.15000E+00,+13.39681E+00
+18.20000E+00,+13.39678E+00
+18.25000E+00,+13.39735E+00
+18.30000E+00,+13.39718E+00
+18.35000E+00,+13.39674E+00
+18.40000E+00,+13.39684E+00
+18.45000E+00,+13.39711E+00
+18.50000E+00,+13.39662E+00
+18.55000E+00,+13.39670E+00
+18.60000E+00,+13.39679E+00
+18.65000E+00,+13.39683E+00
+18.70000E+00,+13.39705E+00
+18.75000E+00,+13.39723E+00
+18.80000E+00,+13.39728E+00
+18.85000E+00,+13.39734E+00
+18.90000E+00,+13.39681E+00
+18.95000E+00,+13.39684E+00
+19.00000E+00,+13.39679E+00
+19.05000E+00,+13.39681E+00
+19.10000E+00,+13.39713E+00
+19.15000E+00,+13.39697E+00
+19.20000E+00,+13.39716E+00
+19.25000E+00,+13.39717E+00
+19.30000E+00,+13.39690E+00
+19.35000E+00,+13.39704E+00
+19.40000E+00,+13.39677E+00
+19.45000E+00,+13.39726E+00
+19.50000E+00,+13.39699E+00
+19.55000E+00,+13.39681E+00
+19.60000E+00,+13.39692E+00
+19.65000E+00,+13.39686E+00
+19.70000E+00,+13.39689E+00
+19.75000E+00,+13.39732E+00
+19.80000E+00,+13.39750E+00
+19.85000E+00,+13.39725E+00
+19.90000E+00,+13.39701E+00
+19.95000E+00,+13.39729E+00
+20.00000E+00,+13.39727E+00
+20.05000E+00,+13.39753E+00
+20.10000E+00,+13.39733E+00
+20.15000E+00,+13.39711E+00
+20.20000E+00,+13.39701E+00
+20.25000E+00,+13.39704E+00
+20.30000E+00,+13.39744E+00
+20.35000E+00,+13.39728E+00
+20.40000E+00,+13.39722E+00
+20.45000E+00,+13.39724E+00
+20.50000E+00,+13.39716E+00
+20.55000E+00,+13.39752E+00
+20.60000E+00,+13.39738E+00
+20.65000E+00,+13.39730E+00
+20.70000E+00,+13.39748E+00
+20.75000E+00,+13.39748E+00
+20.80000E+00,+13.39732E+00
+20.85000E+00,+13.39733E+00
+20.90000E+00,+13.39734E+00
+20.95000E+00,+13.39749E+00
+21.00000E+00,+13.39748E+00
+21.05000E+00,+13.39725E+00
+21.10000E+00,+13.39746E+00
+21.15000E+00,+13.39737E+00
+21.20000E+00,+13.39748E+00
+21.25000E+00,+13.39753E+00
+21.30000E+00,+13.39736E+00
+21.35000E+00,+13.39759E+00
+21.40000E+00,+13.39767E+00
+21.45000E+00,+13.39725E+00
+21.50000E+00,+13.39736E+00
+21.55000E+00,+13.39772E+00
+21.60000E+00,+13.39750E+00
+21.65000E+00,+13.39718E+00
+21.70000E+00,+13.39774E+00
+21.75000E+00,+13.39776E+00
+21.80000E+00,+13.39750E+00
+21.85000E+00,+13.39779E+00
+21.90000E+00,+13.39768E+00
+21.95000E+00,+13.39777E+00
+22.00000E+00,+13.39775E+00
+22.05000E+00,+13.39766E+00
+22.10000E+00,+13.39773E+00
+22.15000E+00,+13.39800E+00
+22.20000E+00,+13.39753E+00
+22.25000E+00,+13.39752E+00
+22.30000E+00,+13.39729E+00
+22.35000E+00,+13.39734E+00
+22.40000E+00,+13.39753E+00
+22.45000E+00,+13.39752E+00
+22.50000E+00,+13.39776E+00
+22.55000E+00,+13.39801E+00
+22.60000E+00,+13.39774E+00
+22.65000E+00,+13.39790E+00
+22.70000E+00,+13.39790E+00
+22.75000E+00,+13.39746E+00
+22.80000E+00,+13.39742E+00
+22.85000E+00,+13.39758E+00
+22.90000E+00,+13.39749E+00
+22.95000E+00,+13.39801E+00
+23.00000E+00,+13.39775E+00
+23.05000E+00,+13.39791E+00
+23.10000E+00,+13.39788E+00
+23.15000E+00,+13.39784E+00
+23.20000E+00,+13.39763E+00
+23.25000E+00,+13.39775E+00
+23.30000E+00,+13.39765E+00
+23.35000E+00,+13.39779E+00
+23.40000E+00,+13.39772E+00
+23.45000E+00,+13.39813E+00
+23.50000E+00,+13.39807E+00
+23.55000E+00,+13.39777E+00
+23.60000E+00,+13.39768E+00
+23.65000E+00,+13.39793E+00
+23.70000E+00,+13.39764E+00
+23.75000E+00,+13.39753E+00
+23.80000E+00,+13.39781E+00
+23.85000E+00,+13.39819E+00
+23.90000E+00,+13.39825E+00
+23.95000E+00,+13.39829E+00
+24.00000E+00,+13.39862E+00
+24.05000E+00,+13.39831E+00
+24.10000E+00,+13.39793E+00
+24.15000E+00,+13.39821E+00
+24.20000E+00,+13.39817E+00
+24.25000E+00,+13.39782E+00
+24.30000E+00,+13.39813E+00
+24.35000E+00,+13.39798E+00
+24.40000E+00,+13.39827E+00
+24.45000E+00,+13.39795E+00
+24.50000E+00,+13.39797E+00
+24.55000E+00,+13.39801E+00
+24.60000E+00,+13.39805E+00
+24.65000E+00,+13.39817E+00
+24.70000E+00,+13.39780E+00
+24.75000E+00,+13.39757E+00
+24.80000E+00,+13.39791E+00
+24.85000E+00,+13.39830E+00
+24.90000E+00,+13.39803E+00
+24.95000E+00,+13.39825E+00
+25.00000E+00,+13.39817E+00
+25.05000E+00,+13.39818E+00
+25.10000E+00,+13.39833E+00
+25.15000E+00,+13.39840E+00
+25.20000E+00,+13.39819E+00
+25.25000E+00,+13.39809E+00
+25.30000E+00,+13.39791E+00
+25.35000E+00,+13.39793E+00
+25.40000E+00,+13.39830E+00
+25.45000E+00,+13.39824E+00
+25.50000E+00,+13.39839E+00
+25.55000E+00,+13.39848E+00
+25.60000E+00,+13.39817E+00
+25.65000E+00,+13.39825E+00
+25.70000E+00,+13.39811E+00
+25.75000E+00,+13.39885E+00
+25.80000E+00,+13.39858E+00
+25.85000E+00,+13.39804E+00
+25.90000E+00,+13.39810E+00
+25.95000E+00,+13.39832E+00
+26.00000E+00,+13.39865E+00
+26.05000E+00,+13.39844E+00
+26.10000E+00,+13.39821E+00
+26.15000E+00,+13.39828E+00
+26.20000E+00,+13.39832E+00
+26.25000E+00,+13.39919E+00
+26.30000E+00,+13.39852E+00
+26.35000E+00,+13.39852E+00
+26.40000E+00,+13.39832E+00
+26.45000E+00,+13.39836E+00
+26.50000E+00,+13.39834E+00
+26.55000E+00,+13.39862E+00
+26.60000E+00,+13.39854E+00
+26.65000E+00,+13.39823E+00
+26.70000E+00,+13.39830E+00
+26.75000E+00,+13.39883E+00
+26.80000E+00,+13.39884E+00
+26.85000E+00,+13.39847E+00
+26.90000E+00,+13.39848E+00
+26.95000E+00,+13.39840E+00
+27.00000E+00,+13.39844E+00
+27.05000E+00,+13.39843E+00
+27.10000E+00,+13.39862E+00
+27.15000E+00,+13.39861E+00
+27.20000E+00,+13.39866E+00
+27.25000E+00,+13.39862E+00
+27.30000E+00,+13.39850E+00
+27.35000E+00,+13.39840E+00
+27.40000E+00,+13.39862E+00
+27.45000E+00,+13.39871E+00
+27.50000E+00,+13.39892E+00
+27.55000E+00,+13.39856E+00
+27.60000E+00,+13.39853E+00
+27.65000E+00,+13.39851E+00
+27.70000E+00,+13.39848E+00
+27.75000E+00,+13.39889E+00
+27.80000E+00,+13.39866E+00
+27.85000E+00,+13.39897E+00
+27.90000E+00,+13.39880E+00
+27.95000E+00,+13.39856E+00
+28.00000E+00,+13.39854E+00
+28.05000E+00,+13.39861E+00
+28.10000E+00,+13.39892E+00
+28.15000E+00,+13.39851E+00
+28.20000E+00,+13.39898E+00
+28.25000E+00,+13.39893E+00
+28.30000E+00,+13.39880E+00
+28.35000E+00,+13.39879E+00
+28.40000E+00,+13.39869E+00
+28.45000E+00,+13.39855E+00
+28.50000E+00,+13.39877E+00
+28.55000E+00,+13.39885E+00
+28.60000E+00,+13.39892E+00
+28.65000E+00,+13.39858E+00
+28.70000E+00,+13.39892E+00
+28.75000E+00,+13.39904E+00
+28.80000E+00,+13.39894E+00
+28.85000E+00,+13.39886E+00
+28.90000E+00,+13.39897E+00
+28.95000E+00,+13.39898E+00
+29.00000E+00,+13.39900E+00
+29.05000E+00,+13.39904E+00
+29.10000E+00,+13.39866E+00
+29.15000E+00,+13.39883E+00
+29.20000E+00,+13.39891E+00
+29.25000E+00,+13.39910E+00
+29.30000E+00,+13.39932E+00
+29.35000E+00,+13.39895E+00
+29.40000E+00,+13.39927E+00
+29.45000E+00,+13.39904E+00
+29.50000E+00,+13.39886E+00
+29.55000E+00,+13.39899E+00
+29.60000E+00,+13.39885E+00
+29.65000E+00,+13.39892E+00
+29.70000E+00,+13.39907E+00
+29.75000E+00,+13.39868E+00
+29.80000E+00,+13.39892E+00
+29.85000E+00,+13.39916E+00
+29.90000E+00,+13.39881E+00
+29.95000E+00,+13.39919E+00
+30.00000E+00,+13.39934E+00
+30.05000E+00,+13.39913E+00
+30.10000E+00,+13.39939E+00
+30.15000E+00,+13.39913E+00
+30.20000E+00,+13.39896E+00
+30.25000E+00,+13.39888E+00
+30.30000E+00,+13.39888E+00
+30.35000E+00,+13.39889E+00
+30.40000E+00,+13.39884E+00
+30.45000E+00,+13.39890E+00
+30.50000E+00,+13.39901E+00
+30.55000E+00,+13.39922E+00
+30.60000E+00,+13.39941E+00
+30.65000E+00,+13.39924E+00
+30.70000E+00,+13.39903E+00
+30.75000E+00,+13.39938E+00
+30.80000E+00,+13.39918E+00
+30.85000E+00,+13.39907E+00
+30.90000E+00,+13.39910E+00
+30.95000E+00,+13.39914E+00
+31.00000E+00,+13.39925E+00
+31.05000E+00,+13.39935E+00
+31.10000E+00,+13.39926E+00
+31.15000E+00,+13.39894E+00
+31.20000E+00,+13.39952E+00
+31.25000E+00,+13.39926E+00
+31.30000E+00,+13.39909E+00
+31.35000E+00,+13.39899E+00
+31.40000E+00,+13.39913E+00
+31.45000E+00,+13.39931E+00
+31.50000E+00,+13.39956E+00
+31.55000E+00,+13.39952E+00
+31.60000E+00,+13.39914E+00
+31.65000E+00,+13.39935E+00
+31.70000E+00,+13.39935E+00
+31.75000E+00,+13.39933E+00
+31.80000E+00,+13.39962E+00
+31.85000E+00,+13.39961E+00
+31.90000E+00,+13.39939E+00
+31.95000E+00,+13.39914E+00
+32.00000E+00,+13.39913E+00
+32.05000E+00,+13.39945E+00
+32.10000E+00,+13.39964E+00
+32.15000E+00,+13.39921E+00
+32.20000E+00,+13.39930E+00
+32.25000E+00,+13.39941E+00
+32.30000E+00,+13.39932E+00
+32.35000E+00,+13.39952E+00
+32.40000E+00,+13.39919E+00
+32.45000E+00,+13.39927E+00
+32.50000E+00,+13.39956E+00
+32.55000E+00,+13.39982E+00
+32.60000E+00,+13.39955E+00
+32.65000E+00,+13.39947E+00
+32.70000E+00,+13.39940E+00
+32.75000E+00,+13.39944E+00
+32.80000E+00,+13.39924E+00
+32.85000E+00,+13.39951E+00
+32.90000E+00,+13.39981E+00
+32.95000E+00,+13.39943E+00
+33.00000E+00,+13.39969E+00
+33.05000E+00,+13.39953E+00
+33.10000E+00,+13.39929E+00
+33.15000E+00,+13.39956E+00
+33.20000E+00,+13.39942E+00
+33.25000E+00,+13.39940E+00
+33.30000E+00,+13.39951E+00
+33.35000E+00,+13.39940E+00
+33.40000E+00,+13.39920E+00
+33.45000E+00,+13.39942E+00
+33.50000E+00,+13.39943E+00
+33.55000E+00,+13.39925E+00
+33.60000E+00,+13.39945E+00
+33.65000E+00,+13.39944E+00
+33.70000E+00,+13.39947E+00
+33.75000E+00,+13.39941E+00
+33.80000E+00,+13.39926E+00
+33.85000E+00,+13.39955E+00
+33.90000E+00,+13.39943E+00
+33.95000E+00,+13.39972E+00
+34.00000E+00,+13.39975E+00
+34.05000E+00,+13.39964E+00
+34.10000E+00,+13.39963E+00
+34.15000E+00,+13.39978E+00
+34.20000E+00,+13.39972E+00
+34.25000E+00,+13.39968E+00
+34.30000E+00,+13.39959E+00
+34.35000E+00,+13.39930E+00
+34.40000E+00,+13.39961E+00
+34.45000E+00,+13.39986E+00
+34.50000E+00,+13.39976E+00
+34.55000E+00,+13.39961E+00
+34.60000E+00,+13.39984E+00
+34.65000E+00,+13.40002E+00
+34.70000E+00,+13.39983E+00
+34.75000E+00,+13.39948E+00
+34.80000E+00,+13.39968E+00
+34.85000E+00,+13.39966E+00
+34.90000E+00,+13.39963E+00
+34.95000E+00,+13.39957E+00
+35.00000E+00,+13.39953E+00
+35.05000E+00,+13.40023E+00
+35.10000E+00,+13.39948E+00
+35.15000E+00,+13.39993E+00
+35.20000E+00,+13.39975E+00
+35.25000E+00,+13.39948E+00
+35.30000E+00,+13.39983E+00
+35.35000E+00,+13.39961E+00
+35.40000E+00,+13.39968E+00
+35.45000E+00,+13.39987E+00
+35.50000E+00,+13.40001E+00
+35.55000E+00,+13.39969E+00
+35.60000E+00,+13.39973E+00
+35.65000E+00,+13.39994E+00
+35.70000E+00,+13.39975E+00
+35.75000E+00,+13.39971E+00
+35.80000E+00,+13.39980E+00
+35.85000E+00,+13.39992E+00
+35.90000E+00,+13.39976E+00
+35.95000E+00,+13.40034E+00
+36.00000E+00,+13.40010E+00
+36.05000E+00,+13.40003E+00
+36.10000E+00,+13.39981E+00
+36.15000E+00,+13.40012E+00
+36.20000E+00,+13.39978E+00
+36.25000E+00,+13.39990E+00
+36.30000E+00,+13.39980E+00
+36.35000E+00,+13.39977E+00
+36.40000E+00,+13.39973E+00
+36.45000E+00,+13.39979E+00
+36.50000E+00,+13.39996E+00
+36.55000E+00,+13.39994E+00
+36.60000E+00,+13.39994E+00
+36.65000E+00,+13.39992E+00
+36.70000E+00,+13.40005E+00
+36.75000E+00,+13.40023E+00
+36.80000E+00,+13.39982E+00
+36.85000E+00,+13.40001E+00
+36.90000E+00,+13.39986E+00
+36.95000E+00,+13.40031E+00
+37.00000E+00,+13.39992E+00
+37.05000E+00,+13.39970E+00
+37.10000E+00,+13.39984E+00
+37.15000E+00,+13.40004E+00
+37.20000E+00,+13.39983E+00
+37.25000E+00,+13.40001E+00
+37.30000E+00,+13.39993E+00
+37.35000E+00,+13.39990E+00
+37.40000E+00,+13.39974E+00
+37.45000E+00,+13.40008E+00
+37.50000E+00,+13.40005E+00
+37.55000E+00,+13.39995E+00
+37.60000E+00,+13.39985E+00
+37.65000E+00,+13.39970E+00
+37.70000E+00,+13.40004E+00
+37.75000E+00,+13.40011E+00
+37.80000E+00,+13.40024E+00
+37.85000E+00,+13.40020E+00
+37.90000E+00,+13.40030E+00
+37.95000E+00,+13.39983E+00
+38.00000E+00,+13.39991E+00
+38.05000E+00,+13.39987E+00
+38.10000E+00,+13.40021E+00
+38.15000E+00,+13.39991E+00
+38.20000E+00,+13.40020E+00
+38.25000E+00,+13.40047E+00
+38.30000E+00,+13.39998E+00
+38.35000E+00,+13.40005E+00
+38.40000E+00,+13.40003E+00
+38.45000E+00,+13.40002E+00
+38.50000E+00,+13.40001E+00
+38.55000E+00,+13.39992E+00
+38.60000E+00,+13.39990E+00
+38.65000E+00,+13.40062E+00
+38.70000E+00,+13.39982E+00
+38.75000E+00,+13.39975E+00
+38.80000E+00,+13.40020E+00
+38.85000E+00,+13.39988E+00
+38.90000E+00,+13.40003E+00
+38.95000E+00,+13.39993E+00
+39.00000E+00,+13.40042E+00
+39.05000E+00,+13.40017E+00
+39.10000E+00,+13.40031E+00
+39.15000E+00,+13.40030E+00
+39.20000E+00,+13.40019E+00
+39.25000E+00,+13.40001E+00
+39.30000E+00,+13.39987E+00
+39.35000E+00,+13.40024E+00
+39.40000E+00,+13.40002E+00
+39.45000E+00,+13.40013E+00
+39.50000E+00,+13.40005E+00
+39.55000E+00,+13.40019E+00
+39.60000E+00,+13.40041E+00
+39.65000E+00,+13.40017E+00
+39.70000E+00,+13.40035E+00
+39.75000E+00,+13.40002E+00
+39.80000E+00,+13.40013E+00
+39.85000E+00,+13.40053E+00
+39.90000E+00,+13.40024E+00
+39.95000E+00,+13.40032E+00
+40.00000E+00,+13.40017E+00
+40.05000E+00,+13.40027E+00
+40.10000E+00,+13.40030E+00
+40.15000E+00,+13.40087E+00
+40.20000E+00,+13.40029E+00
+40.25000E+00,+13.40036E+00
+40.30000E+00,+13.40020E+00
+40.35000E+00,+13.39987E+00
+40.40000E+00,+13.40041E+00
+40.45000E+00,+13.40023E+00
+40.50000E+00,+13.40042E+00
+40.55000E+00,+13.40040E+00
+40.60000E+00,+13.40016E+00
+40.65000E+00,+13.40002E+00
+40.70000E+00,+13.40027E+00
+40.75000E+00,+13.40011E+00
+40.80000E+00,+13.40050E+00
+40.85000E+00,+13.40064E+00
+40.90000E+00,+13.40030E+00
+40.95000E+00,+13.40028E+00
+41.00000E+00,+13.40017E+00
+41.05000E+00,+13.40028E+00
+41.10000E+00,+13.40052E+00
+41.15000E+00,+13.40060E+00
+41.20000E+00,+13.40029E+00
+41.25000E+00,+13.40020E+00
+41.30000E+00,+13.40002E+00
+41.35000E+00,+13.40039E+00
+41.40000E+00,+13.40028E+00
+41.45000E+00,+13.40035E+00
+41.50000E+00,+13.40041E+00
+41.55000E+00,+13.40059E+00
+41.60000E+00,+13.40035E+00
+41.65000E+00,+13.40041E+00
+41.70000E+00,+13.40051E+00
+41.75000E+00,+13.40049E+00
+41.80000E+00,+13.40034E+00
+41.85000E+00,+13.40036E+00
+41.90000E+00,+13.40050E+00
+41.95000E+00,+13.40059E+00
+42.00000E+00,+13.40067E+00
+42.05000E+00,+13.40022E+00
+42.10000E+00,+13.39997E+00
+42.15000E+00,+13.40015E+00
+42.20000E+00,+13.40055E+00
+42.25000E+00,+13.40024E+00
+42.30000E+00,+13.40036E+00
+42.35000E+00,+13.40047E+00
+42.40000E+00,+13.40036E+00
+42.45000E+00,+13.40043E+00
+42.50000E+00,+13.40088E+00
+42.55000E+00,+13.40044E+00
+42.60000E+00,+13.40062E+00
+42.65000E+00,+13.40039E+00
+42.70000E+00,+13.40030E+00
+42.75000E+00,+13.40049E+00
+42.80000E+00,+13.40047E+00
+42.85000E+00,+13.40068E+00
+42.90000E+00,+13.40069E+00
+42.95000E+00,+13.40044E+00
+43.00000E+00,+13.40079E+00
+43.05000E+00,+13.40048E+00
+43.10000E+00,+13.40067E+00
+43.15000E+00,+13.40065E+00
+43.20000E+00,+13.40059E+00
+43.25000E+00,+13.40088E+00
+43.30000E+00,+13.40033E+00
+43.35000E+00,+13.40049E+00
+43.40000E+00,+13.40043E+00
+43.45000E+00,+13.40047E+00
+43.50000E+00,+13.40056E+00
+43.55000E+00,+13.40029E+00
+43.60000E+00,+13.40022E+00
+43.65000E+00,+13.40031E+00
+43.70000E+00,+13.40042E+00
+43.75000E+00,+13.40032E+00
+43.80000E+00,+13.40076E+00
+43.85000E+00,+13.40088E+00
+43.90000E+00,+13.40081E+00
+43.95000E+00,+13.40073E+00
+44.00000E+00,+13.40054E+00
+44.05000E+00,+13.40069E+00
+44.10000E+00,+13.40073E+00
+44.15000E+00,+13.40059E+00
+44.20000E+00,+13.40060E+00
+44.25000E+00,+13.40079E+00
+44.30000E+00,+13.40051E+00
+44.35000E+00,+13.40099E+00
+44.40000E+00,+13.40077E+00
+44.45000E+00,+13.40068E+00
+44.50000E+00,+13.40051E+00
+44.55000E+00,+13.40054E+00
+44.60000E+00,+13.40069E+00
+44.65000E+00,+13.40044E+00
+44.70000E+00,+13.40084E+00
+44.75000E+00,+13.40060E+00
+44.80000E+00,+13.40072E+00
+44.85000E+00,+13.40069E+00
+44.90000E+00,+13.40072E+00
+44.95000E+00,+13.40078E+00
+45.00000E+00,+13.40077E+00
+45.05000E+00,+13.40086E+00
+45.10000E+00,+13.40076E+00
+45.15000E+00,+13.40068E+00
+45.20000E+00,+13.40061E+00
+45.25000E+00,+13.40120E+00
+45.30000E+00,+13.40062E+00
+45.35000E+00,+13.40087E+00
+45.40000E+00,+13.40077E+00
+45.45000E+00,+13.40061E+00
+45.50000E+00,+13.40073E+00
+45.55000E+00,+13.40074E+00
+45.60000E+00,+13.40076E+00
+45.65000E+00,+13.40074E+00
+45.70000E+00,+13.40085E+00
+45.75000E+00,+13.40087E+00
+45.80000E+00,+13.40072E+00
+45.85000E+00,+13.40094E+00
+45.90000E+00,+13.40085E+00
+45.95000E+00,+13.40088E+00
+46.00000E+00,+13.40082E+00
+46.05000E+00,+13.40096E+00
+46.10000E+00,+13.40075E+00
+46.15000E+00,+13.40092E+00
+46.20000E+00,+13.40100E+00
+46.25000E+00,+13.40096E+00
+46.30000E+00,+13.40097E+00
+46.35000E+00,+13.40071E+00
+46.40000E+00,+13.40088E+00
+46.45000E+00,+13.40103E+00
+46.50000E+00,+13.40083E+00
+46.55000E+00,+13.40089E+00
+46.60000E+00,+13.40109E+00
+46.65000E+00,+13.40118E+00
+46.70000E+00,+13.40107E+00
+46.75000E+00,+13.40115E+00
+46.80000E+00,+13.40083E+00
+46.85000E+00,+13.40084E+00
+46.90000E+00,+13.40092E+00
+46.95000E+00,+13.40108E+00
+47.00000E+00,+13.40077E+00
+47.05000E+00,+13.40086E+00
+47.10000E+00,+13.40092E+00
+47.15000E+00,+13.40077E+00
+47.20000E+00,+13.40096E+00
+47.25000E+00,+13.40088E+00
+47.30000E+00,+13.40102E+00
+47.35000E+00,+13.40088E+00
+47.40000E+00,+13.40100E+00
+47.45000E+00,+13.40096E+00
+47.50000E+00,+13.40107E+00
+47.55000E+00,+13.40079E+00
+47.60000E+00,+13.40081E+00
+47.65000E+00,+13.40100E+00
+47.70000E+00,+13.40085E+00
+47.75000E+00,+13.40106E+00
+47.80000E+00,+13.40104E+00
+47.85000E+00,+13.40099E+00
+47.90000E+00,+13.40100E+00
+47.95000E+00,+13.40108E+00
+48.00000E+00,+13.40093E+00
+48.05000E+00,+13.40102E+00
+48.10000E+00,+13.40122E+00
+48.15000E+00,+13.40121E+00
+48.20000E+00,+13.40104E+00
+48.25000E+00,+13.40119E+00
+48.30000E+00,+13.40129E+00
+48.35000E+00,+13.40095E+00
+48.40000E+00,+13.40127E+00
+48.45000E+00,+13.40126E+00
+48.50000E+00,+13.40124E+00
+48.55000E+00,+13.40119E+00
+48.60000E+00,+13.40130E+00
+48.65000E+00,+13.40112E+00
+48.70000E+00,+13.40132E+00
+48.75000E+00,+13.40107E+00
+48.80000E+00,+13.40119E+00
+48.85000E+00,+13.40098E+00
+48.90000E+00,+13.40077E+00
+48.95000E+00,+13.40088E+00
+49.00000E+00,+13.40119E+00
+49.05000E+00,+13.40100E+00
+49.10000E+00,+13.40115E+00
+49.15000E+00,+13.40104E+00
+49.20000E+00,+13.40117E+00
+49.25000E+00,+13.40105E+00
+49.30000E+00,+13.40120E+00
+49.35000E+00,+13.40107E+00
+49.40000E+00,+13.40137E+00
+49.45000E+00,+13.40117E+00
+49.50000E+00,+13.40094E+00
+49.55000E+00,+13.40135E+00
+49.60000E+00,+13.40114E+00
+49.65000E+00,+13.40117E+00
+49.70000E+00,+13.40111E+00
+49.75000E+00,+13.40109E+00
+49.80000E+00,+13.40095E+00
+49.85000E+00,+13.40107E+00
+49.90000E+00,+13.40107E+00
+49.95000E+00,+13.40195E+00