-25.00000E+00,+12.84649E+00,+500E-06
-24.97500E+00,+12.84632E+00,+500E-06
-24.95000E+00,+12.84643E+00,+490E-06
-24.92500E+00,+12.84641E+00,+490E-06
-24.90000E+00,+12.84632E+00,+510E-06
-24.87500E+00,+12.84613E+00,+500E-06
-24.85000E+00,+12.84616E+00,+490E-06
-24.82500E+00,+12.84616E+00,+480E-06
-24.80000E+00,+12.84621E+00,+500E-06
-24.77500E+00,+12.84625E+00,+500E-06
-24.75000E+00,+12.84632E+00,+490E-06
-24.72500E+00,+12.84628E+00,+490E-06
-24.70000E+00,+12.84617E+00,+500E-06
-24.67500E+00,+12.84632E+00,+500E-06
-24.65000E+00,+12.84628E+00,+490E-06
-24.62500E+00,+12.84616E+00,+480E-06
-24.60000E+00,+12.84632E+00,+490E-06
-24.57500E+00,+12.84632E+00,+500E-06
-24.55000E+00,+12.84616E+00,+500E-06
-24.52500E+00,+12.84616E+00,+500E-06
-24.50000E+00,+12.84619E+00,+500E-06
-24.47500E+00,+12.84616E+00,+510E-06
-24.45000E+00,+12.84607E+00,+490E-06
-24.42500E+00,+12.84616E+00,+490E-06
-24.40000E+00,+12.84616E+00,+490E-06
-24.37500E+00,+12.84600E+00,+500E-06
-24.35000E+00,+12.84616E+00,+480E-06
-24.32500E+00,+12.84616E+00,+480E-06
-24.30000E+00,+12.84600E+00,+490E-06
-24.27500E+00,+12.84600E+00,+500E-06
-24.25000E+00,+12.84603E+00,+490E-06
-24.22500E+00,+12.84616E+00,+480E-06
-24.20000E+00,+12.84616E+00,+490E-06
-24.17500E+00,+12.84632E+00,+490E-06
-24.15000E+00,+12.84616E+00,+490E-06
-24.12500E+00,+12.84616E+00,+490E-06
-24.10000E+00,+12.84616E+00,+490E-06
-24.07500E+00,+12.84631E+00,+500E-06
-24.05000E+00,+12.84616E+00,+490E-06
-24.02500E+00,+12.84628E+00,+480E-06
-24.00000E+00,+12.84632E+00,+490E-06
-23.97500E+00,+12.84625E+00,+500E-06
-23.95000E+00,+12.84600E+00,+480E-06
-23.92500E+00,+12.84600E+00,+480E-06
-23.90000E+00,+12.84616E+00,+490E-06
-23.87500E+00,+12.84603E+00,+490E-06
-23.85000E+00,+12.84632E+00,+490E-06
-23.82500E+00,+12.84608E+00,+490E-06
-23.80000E+00,+12.84616E+00,+490E-06
-23.77500E+00,+12.84600E+00,+500E-06
-23.75000E+00,+12.84616E+00,+490E-06
-23.72500E+00,+12.84616E+00,+500E-06
-23.70000E+00,+12.84616E+00,+500E-06
-23.67500E+00,+12.84616E+00,+490E-06
-23.65000E+00,+12.84626E+00,+500E-06
-23.62500E+00,+12.84616E+00,+490E-06
-23.60000E+00,+12.84616E+00,+510E-06
-23.57500E+00,+12.84618E+00,+500E-06
-23.55000E+00,+12.84616E+00,+490E-06
-23.52500E+00,+12.84616E+00,+500E-06
-23.50000E+00,+12.84609E+00,+490E-06
-23.47500E+00,+12.84583E+00,+500E-06
-23.45000E+00,+12.84600E+00,+490E-06
-23.42500E+00,+12.84631E+00,+490E-06
-23.40000E+00,+12.84616E+00,+500E-06
-23.37500E+00,+12.84609E+00,+490E-06
-23.35000E+00,+12.84616E+00,+500E-06
-23.32500E+00,+12.84604E+00,+480E-06
-23.30000E+00,+12.84600E+00,+490E-06
-23.27500E+00,+12.84600E+00,+500E-06
-23.25000E+00,+12.84600E+00,+490E-06
-23.22500E+00,+12.84600E+00,+480E-06
-23.20000E+00,+12.84600E+00,+480E-06
-23.17500E+00,+12.84605E+00,+500E-06
-23.15000E+00,+12.84616E+00,+480E-06
-23.12500E+00,+12.84600E+00,+490E-06
-23.10000E+00,+12.84600E+00,+490E-06
-23.07500E+00,+12.84600E+00,+500E-06
-23.05000E+00,+12.84600E+00,+490E-06
-23.02500E+00,+12.84616E+00,+490E-06
-23.00000E+00,+12.84600E+00,+490E-06
-22.97500E+00,+12.84600E+00,+490E-06
-22.95000E+00,+12.84600E+00,+490E-06
-22.92500E+00,+12.84616E+00,+480E-06
-22.90000E+00,+12.84609E+00,+490E-06
-22.87500E+00,+12.84606E+00,+500E-06
-22.85000E+00,+12.84616E+00,+490E-06
-22.82500E+00,+12.84601E+00,+480E-06
-22.80000E+00,+12.84616E+00,+500E-06
-22.77500E+00,+12.84616E+00,+490E-06
-22.75000E+00,+12.84600E+00,+480E-06
-22.72500E+00,+12.84600E+00,+490E-06
-22.70000E+00,+12.84600E+00,+500E-06
-22.67500E+00,+12.84600E+00,+500E-06
-22.65000E+00,+12.84600E+00,+480E-06
-22.62500E+00,+12.84583E+00,+480E-06
-22.60000E+00,+12.84604E+00,+500E-06
-22.57500E+00,+12.84600E+00,+490E-06
-22.55000E+00,+12.84583E+00,+480E-06
-22.52500E+00,+12.84600E+00,+480E-06
-22.50000E+00,+12.84600E+00,+490E-06
-22.47500E+00,+12.84586E+00,+490E-06
-22.45000E+00,+12.84600E+00,+480E-06
-22.42500E+00,+12.84600E+00,+480E-06
-22.40000E+00,+12.84594E+00,+480E-06
-22.37500E+00,+12.84600E+00,+490E-06
-22.35000E+00,+12.84600E+00,+490E-06
-22.32500E+00,+12.84600E+00,+470E-06
-22.30000E+00,+12.84595E+00,+490E-06
-22.27500E+00,+12.84592E+00,+490E-06
-22.25000E+00,+12.84600E+00,+490E-06
-22.22500E+00,+12.84579E+00,+480E-06
-22.20000E+00,+12.84600E+00,+490E-06
-22.17500E+00,+12.84568E+00,+490E-06
-22.15000E+00,+12.84579E+00,+480E-06
-22.12500E+00,+12.84567E+00,+490E-06
-22.10000E+00,+12.84583E+00,+490E-06
-22.07500E+00,+12.84583E+00,+500E-06
-22.05000E+00,+12.84583E+00,+480E-06
-22.02500E+00,+12.84600E+00,+480E-06
-22.00000E+00,+12.84580E+00,+500E-06
-21.97500E+00,+12.84567E+00,+480E-06
-21.95000E+00,+12.84583E+00,+480E-06
-21.92500E+00,+12.84600E+00,+490E-06
-21.90000E+00,+12.84600E+00,+490E-06
-21.87500E+00,+12.84583E+00,+490E-06
-21.85000E+00,+12.84570E+00,+480E-06
-21.82500E+00,+12.84572E+00,+480E-06
-21.80000E+00,+12.84575E+00,+490E-06
-21.77500E+00,+12.84583E+00,+490E-06
-21.75000E+00,+12.84583E+00,+490E-06
-21.72500E+00,+12.84583E+00,+490E-06
-21.70000E+00,+12.84583E+00,+500E-06
-21.67500E+00,+12.84572E+00,+500E-06
-21.65000E+00,+12.84567E+00,+490E-06
-21.62500E+00,+12.84567E+00,+490E-06
-21.60000E+00,+12.84583E+00,+490E-06
-21.57500E+00,+12.84598E+00,+500E-06
-21.55000E+00,+12.84583E+00,+490E-06
-21.52500E+00,+12.84583E+00,+490E-06
-21.50000E+00,+12.84583E+00,+500E-06
-21.47500E+00,+12.84567E+00,+500E-06
-21.45000E+00,+12.84562E+00,+480E-06
-21.42500E+00,+12.84583E+00,+490E-06
-21.40000E+00,+12.84583E+00,+500E-06
-21.37500E+00,+12.84583E+00,+490E-06
-21.35000E+00,+12.84573E+00,+470E-06
-21.32500E+00,+12.84567E+00,+490E-06
-21.30000E+00,+12.84583E+00,+490E-06
-21.27500E+00,+12.84583E+00,+490E-06
-21.25000E+00,+12.84583E+00,+490E-06
-21.22500E+00,+12.84570E+00,+490E-06
-21.20000E+00,+12.84583E+00,+490E-06
-21.17500E+00,+12.84575E+00,+500E-06
-21.15000E+00,+12.84567E+00,+500E-06
-21.12500E+00,+12.84567E+00,+490E-06
-21.10000E+00,+12.84584E+00,+500E-06
-21.07500E+00,+12.84583E+00,+500E-06
-21.05000E+00,+12.84567E+00,+490E-06
-21.02500E+00,+12.84590E+00,+490E-06
-21.00000E+00,+12.84560E+00,+490E-06
-20.97500E+00,+12.84567E+00,+490E-06
-20.95000E+00,+12.84583E+00,+490E-06
-20.92500E+00,+12.84583E+00,+480E-06
-20.90000E+00,+12.84583E+00,+500E-06
-20.87500E+00,+12.84577E+00,+490E-06
-20.85000E+00,+12.84567E+00,+490E-06
-20.82500E+00,+12.84583E+00,+480E-06
-20.80000E+00,+12.84569E+00,+500E-06
-20.77500E+00,+12.84583E+00,+490E-06
-20.75000E+00,+12.84570E+00,+490E-06
-20.72500E+00,+12.84561E+00,+490E-06
-20.70000E+00,+12.84583E+00,+490E-06
-20.67500E+00,+12.84567E+00,+490E-06
-20.65000E+00,+12.84581E+00,+490E-06
-20.62500E+00,+12.84583E+00,+480E-06
-20.60000E+00,+12.84583E+00,+490E-06
-20.57500E+00,+12.84583E+00,+490E-06
-20.55000E+00,+12.84559E+00,+490E-06
-20.52500E+00,+12.84577E+00,+480E-06
-20.50000E+00,+12.84567E+00,+490E-06
-20.47500E+00,+12.84566E+00,+490E-06
-20.45000E+00,+12.84581E+00,+480E-06
-20.42500E+00,+12.84567E+00,+480E-06
-20.40000E+00,+12.84567E+00,+500E-06
-20.37500E+00,+12.84560E+00,+480E-06
-20.35000E+00,+12.84551E+00,+490E-06
-20.32500E+00,+12.84551E+00,+490E-06
-20.30000E+00,+12.84551E+00,+490E-06
-20.27500E+00,+12.84567E+00,+490E-06
-20.25000E+00,+12.84567E+00,+480E-06
-20.22500E+00,+12.84567E+00,+480E-06
-20.20000E+00,+12.84583E+00,+480E-06
-20.17500E+00,+12.84567E+00,+500E-06
-20.15000E+00,+12.84567E+00,+490E-06
-20.12500E+00,+12.84551E+00,+480E-06
-20.10000E+00,+12.84551E+00,+490E-06
-20.07500E+00,+12.84559E+00,+490E-06
-20.05000E+00,+12.84567E+00,+480E-06
-20.02500E+00,+12.84567E+00,+480E-06
-20.00000E+00,+12.84567E+00,+490E-06
-19.97500E+00,+12.84567E+00,+490E-06
-19.95000E+00,+12.84567E+00,+480E-06
-19.92500E+00,+12.84558E+00,+490E-06
-19.90000E+00,+12.84551E+00,+480E-06
-19.87500E+00,+12.84567E+00,+490E-06
-19.85000E+00,+12.84567E+00,+490E-06
-19.82500E+00,+12.84551E+00,+490E-06
-19.80000E+00,+12.84534E+00,+510E-06
-19.77500E+00,+12.84534E+00,+540E-06
-19.75000E+00,+12.84502E+00,+550E-06
-19.72500E+00,+12.84522E+00,+490E-06
-19.70000E+00,+12.84570E+00,+180E-06
-19.67500E+00,+12.84503E+00,+530E-06
-19.65000E+00,+12.84518E+00,+520E-06
-19.62500E+00,+12.84534E+00,+520E-06
-19.60000E+00,+12.84534E+00,+530E-06
-19.57500E+00,+12.84513E+00,+530E-06
-19.55000E+00,+12.84502E+00,+530E-06
-19.52500E+00,+12.84519E+00,+510E-06
-19.50000E+00,+12.84505E+00,+520E-06
-19.47500E+00,+12.84512E+00,+530E-06
-19.45000E+00,+12.84518E+00,+530E-06
-19.42500E+00,+12.84518E+00,+520E-06
-19.40000E+00,+12.84502E+00,+530E-06
-19.37500E+00,+12.84502E+00,+530E-06
-19.35000E+00,+12.84515E+00,+530E-06
-19.32500E+00,+12.84491E+00,+520E-06
-19.30000E+00,+12.84502E+00,+530E-06
-19.27500E+00,+12.84502E+00,+520E-06
-19.25000E+00,+12.84502E+00,+510E-06
-19.22500E+00,+12.84502E+00,+510E-06
-19.20000E+00,+12.84502E+00,+530E-06
-19.17500E+00,+12.84506E+00,+520E-06
-19.15000E+00,+12.84518E+00,+520E-06
-19.12500E+00,+12.84511E+00,+510E-06
-19.10000E+00,+12.84502E+00,+520E-06
-19.07500E+00,+12.84502E+00,+510E-06
-19.05000E+00,+12.84517E+00,+510E-06
-19.02500E+00,+12.84518E+00,+510E-06
-19.00000E+00,+12.84518E+00,+510E-06
-18.97500E+00,+12.84494E+00,+510E-06
-18.95000E+00,+12.84490E+00,+510E-06
-18.92500E+00,+12.84485E+00,+510E-06
-18.90000E+00,+12.84485E+00,+500E-06
-18.87500E+00,+12.84502E+00,+510E-06
-18.85000E+00,+12.84502E+00,+520E-06
-18.82500E+00,+12.84502E+00,+510E-06
-18.80000E+00,+12.84502E+00,+510E-06
-18.77500E+00,+12.84504E+00,+510E-06
-18.75000E+00,+12.84502E+00,+510E-06
-18.72500E+00,+12.84518E+00,+520E-06
-18.70000E+00,+12.84507E+00,+510E-06
-18.67500E+00,+12.84509E+00,+510E-06
-18.65000E+00,+12.84485E+00,+520E-06
-18.62500E+00,+12.84502E+00,+520E-06
-18.60000E+00,+12.84502E+00,+510E-06
-18.57500E+00,+12.84502E+00,+510E-06
-18.55000E+00,+12.84513E+00,+530E-06
-18.52500E+00,+12.89141E+00,-4.42E-03
-18.50000E+00,+12.89424E+00,-4.59E-03
-18.47500E+00,+12.89890E+00,-4.98E-03
-18.45000E+00,+12.90391E+00,-5.43E-03
-18.42500E+00,+12.90877E+00,-5.86E-03
-18.40000E+00,+12.91362E+00,-6.28E-03
-18.37500E+00,+12.91864E+00,-6.75E-03
-18.35000E+00,+12.92358E+00,-7.22E-03
-18.32500E+00,+12.92839E+00,-7.67E-03
-18.30000E+00,+12.93338E+00,-8.13E-03
-18.27500E+00,+12.93854E+00,-8.58E-03
-18.25000E+00,+12.94343E+00,-9.01E-03
-18.22500E+00,+12.94842E+00,-9.48E-03
-18.20000E+00,+12.95352E+00,-9.92E-03
-18.17500E+00,+12.95834E+00,-10.37E-03
-18.15000E+00,+12.96347E+00,-10.85E-03
-18.12500E+00,+12.96848E+00,-11.31E-03
-18.10000E+00,+12.97366E+00,-11.73E-03
-18.07500E+00,+12.97863E+00,-12.20E-03
-18.05000E+00,+12.98370E+00,-12.63E-03
-18.02500E+00,+12.98877E+00,-13.06E-03
-18.00000E+00,+12.99403E+00,-13.50E-03
-17.97500E+00,+12.99891E+00,-13.96E-03
-17.95000E+00,+13.00409E+00,-14.40E-03
-17.92500E+00,+13.00871E+00,-14.78E-03
-17.90000E+00,+13.01106E+00,-14.89E-03
-17.87500E+00,+13.01229E+00,-14.89E-03
-17.85000E+00,+13.01323E+00,-14.91E-03
-17.82500E+00,+13.01374E+00,-14.94E-03
-17.80000E+00,+13.01421E+00,-14.91E-03
-17.77500E+00,+13.01499E+00,-14.93E-03
-17.75000E+00,+13.01542E+00,-14.94E-03
-17.72500E+00,+13.01599E+00,-14.92E-03
-17.70000E+00,+13.01662E+00,-14.89E-03
-17.67500E+00,+13.01701E+00,-14.94E-03
-17.65000E+00,+13.01732E+00,-14.88E-03
-17.62500E+00,+13.01794E+00,-14.95E-03
-17.60000E+00,+13.01813E+00,-14.91E-03
-17.57500E+00,+13.01878E+00,-14.91E-03
-17.55000E+00,+13.01911E+00,-14.90E-03
-17.52500E+00,+13.01946E+00,-14.95E-03
-17.50000E+00,+13.01993E+00,-14.89E-03
-17.47500E+00,+13.02025E+00,-14.92E-03
-17.45000E+00,+13.02063E+00,-14.93E-03
-17.42500E+00,+13.02116E+00,-14.92E-03
-17.40000E+00,+13.02140E+00,-14.89E-03
-17.37500E+00,+13.02176E+00,-14.91E-03
-17.35000E+00,+13.02206E+00,-14.91E-03
-17.32500E+00,+13.02238E+00,-14.92E-03
-17.30000E+00,+13.02270E+00,-14.94E-03
-17.27500E+00,+13.02312E+00,-14.90E-03
-17.25000E+00,+13.02329E+00,-14.92E-03
-17.22500E+00,+13.02360E+00,-14.90E-03
-17.20000E+00,+13.02417E+00,-14.89E-03
-17.17500E+00,+13.02449E+00,-14.92E-03
-17.15000E+00,+13.02450E+00,-14.95E-03
-17.12500E+00,+13.02476E+00,-14.91E-03
-17.10000E+00,+13.02525E+00,-14.88E-03
-17.07500E+00,+13.02532E+00,-14.87E-03
-17.05000E+00,+13.02583E+00,-14.87E-03
-17.02500E+00,+13.02613E+00,-14.94E-03
-17.00000E+00,+13.02630E+00,-14.94E-03
-16.97500E+00,+13.02673E+00,-14.90E-03
-16.95000E+00,+13.02704E+00,-14.91E-03
-16.92500E+00,+13.02706E+00,-14.88E-03
-16.90000E+00,+13.02747E+00,-14.86E-03
-16.87500E+00,+13.02793E+00,-14.90E-03
-16.85000E+00,+13.02793E+00,-14.95E-03
-16.82500E+00,+13.02853E+00,-14.91E-03
-16.80000E+00,+13.02858E+00,-14.91E-03
-16.77500E+00,+13.02881E+00,-14.86E-03
-16.75000E+00,+13.02904E+00,-14.84E-03
-16.72500E+00,+13.02908E+00,-14.91E-03
-16.70000E+00,+13.02938E+00,-14.91E-03
-16.67500E+00,+13.02980E+00,-14.89E-03
-16.65000E+00,+13.03005E+00,-14.90E-03
-16.62500E+00,+13.03018E+00,-14.87E-03
-16.60000E+00,+13.03054E+00,-14.85E-03
-16.57500E+00,+13.03056E+00,-14.92E-03
-16.55000E+00,+13.03086E+00,-14.87E-03
-16.52500E+00,+13.03116E+00,-14.93E-03
-16.50000E+00,+13.03110E+00,-14.89E-03
-16.47500E+00,+13.03134E+00,-14.89E-03
-16.45000E+00,+13.03185E+00,-14.84E-03
-16.42500E+00,+13.03187E+00,-14.93E-03
-16.40000E+00,+13.03217E+00,-14.83E-03
-16.37500E+00,+13.03247E+00,-14.91E-03
-16.35000E+00,+13.03250E+00,-14.91E-03
-16.32500E+00,+13.03283E+00,-14.87E-03
-16.30000E+00,+13.03310E+00,-14.87E-03
-16.27500E+00,+13.03332E+00,-14.91E-03
-16.25000E+00,+13.03348E+00,-14.86E-03
-16.22500E+00,+13.03362E+00,-14.89E-03
-16.20000E+00,+13.03381E+00,-14.90E-03
-16.17500E+00,+13.03406E+00,-14.87E-03
-16.15000E+00,+13.03424E+00,-14.89E-03
-16.12500E+00,+13.03450E+00,-14.90E-03
-16.10000E+00,+13.03463E+00,-14.88E-03
-16.07500E+00,+13.03479E+00,-14.91E-03
-16.05000E+00,+13.03500E+00,-14.92E-03
-16.02500E+00,+13.03530E+00,-14.90E-03
-16.00000E+00,+13.03538E+00,-14.85E-03
-15.97500E+00,+13.03561E+00,-14.89E-03
-15.95000E+00,+13.03592E+00,-14.84E-03
-15.92500E+00,+13.03595E+00,-14.89E-03
-15.90000E+00,+13.03610E+00,-14.91E-03
-15.87500E+00,+13.03646E+00,-14.86E-03
-15.85000E+00,+13.03651E+00,-14.87E-03
-15.82500E+00,+13.03659E+00,-14.88E-03
-15.80000E+00,+13.03691E+00,-14.86E-03
-15.77500E+00,+13.03708E+00,-14.91E-03
-15.75000E+00,+13.03721E+00,-14.92E-03
-15.72500E+00,+13.03745E+00,-14.88E-03
-15.70000E+00,+13.03773E+00,-14.88E-03
-15.67500E+00,+13.03778E+00,-14.86E-03
-15.65000E+00,+13.03806E+00,-14.83E-03
-15.62500E+00,+13.03806E+00,-14.89E-03
-15.60000E+00,+13.03836E+00,-14.89E-03
-15.57500E+00,+13.03838E+00,-14.89E-03
-15.55000E+00,+13.03871E+00,-14.89E-03
-15.52500E+00,+13.03877E+00,-14.88E-03
-15.50000E+00,+13.03904E+00,-14.83E-03
-15.47500E+00,+13.03919E+00,-14.90E-03
-15.45000E+00,+13.03936E+00,-14.92E-03
-15.42500E+00,+13.03964E+00,-14.90E-03
-15.40000E+00,+13.03960E+00,-14.88E-03
-15.37500E+00,+13.04002E+00,-14.87E-03
-15.35000E+00,+13.04002E+00,-14.86E-03
-15.32500E+00,+13.04019E+00,-14.92E-03
-15.30000E+00,+13.04034E+00,-14.87E-03
-15.27500E+00,+13.04063E+00,-14.89E-03
-15.25000E+00,+13.04064E+00,-14.90E-03
-15.22500E+00,+13.04090E+00,-14.86E-03
-15.20000E+00,+13.04111E+00,-14.82E-03
-15.17500E+00,+13.04100E+00,-14.89E-03
-15.15000E+00,+13.04116E+00,-14.85E-03
-15.12500E+00,+13.04132E+00,-14.86E-03
-15.10000E+00,+13.04154E+00,-14.88E-03
-15.07500E+00,+13.04173E+00,-14.88E-03
-15.05000E+00,+13.04209E+00,-14.86E-03
-15.02500E+00,+13.04200E+00,-14.91E-03
-15.00000E+00,+13.04230E+00,-14.84E-03
-14.97500E+00,+13.04230E+00,-14.90E-03
-14.95000E+00,+13.04263E+00,-14.90E-03
-14.92500E+00,+13.04255E+00,-14.89E-03
-14.90000E+00,+13.04273E+00,-14.86E-03
-14.87500E+00,+13.04296E+00,-14.88E-03
-14.85000E+00,+13.04296E+00,-14.88E-03
-14.82500E+00,+13.04312E+00,-14.92E-03
-14.80000E+00,+13.04324E+00,-14.90E-03
-14.77500E+00,+13.04354E+00,-14.86E-03
-14.75000E+00,+13.04354E+00,-14.87E-03
-14.72500E+00,+13.04352E+00,-14.87E-03
-14.70000E+00,+13.04377E+00,-14.87E-03
-14.67500E+00,+13.04394E+00,-14.92E-03
-14.65000E+00,+13.04394E+00,-14.95E-03
-14.62500E+00,+13.04436E+00,-14.89E-03
-14.60000E+00,+13.04452E+00,-14.87E-03
-14.57500E+00,+13.04452E+00,-14.88E-03
-14.55000E+00,+13.04492E+00,-14.85E-03
-14.52500E+00,+13.04492E+00,-14.90E-03
-14.50000E+00,+13.04492E+00,-14.91E-03
-14.47500E+00,+13.04535E+00,-14.88E-03
-14.45000E+00,+13.04533E+00,-14.89E-03
-14.42500E+00,+13.04541E+00,-14.88E-03
-14.40000E+00,+13.04557E+00,-14.85E-03
-14.37500E+00,+13.04573E+00,-14.89E-03
-14.35000E+00,+13.04573E+00,-14.90E-03
-14.32500E+00,+13.04590E+00,-14.87E-03
-14.30000E+00,+13.04597E+00,-14.89E-03
-14.27500E+00,+13.04606E+00,-14.86E-03
-14.25000E+00,+13.04622E+00,-14.85E-03
-14.22500E+00,+13.04639E+00,-14.91E-03
-14.20000E+00,+13.04671E+00,-14.87E-03
-14.17500E+00,+13.04671E+00,-14.86E-03
-14.15000E+00,+13.04678E+00,-14.88E-03
-14.12500E+00,+13.04694E+00,-14.87E-03
-14.10000E+00,+13.04716E+00,-14.83E-03
-14.07500E+00,+13.04705E+00,-14.91E-03
-14.05000E+00,+13.04752E+00,-14.89E-03
-14.02500E+00,+13.04765E+00,-14.90E-03
-14.00000E+00,+13.04759E+00,-14.89E-03
-13.97500E+00,+13.04776E+00,-14.86E-03
-13.95000E+00,+13.04786E+00,-14.83E-03
-13.92500E+00,+13.04786E+00,-14.92E-03
-13.90000E+00,+13.04802E+00,-14.87E-03
-13.87500E+00,+13.04848E+00,-14.89E-03
-13.85000E+00,+13.04851E+00,-14.90E-03
-13.82500E+00,+13.04859E+00,-14.88E-03
-13.80000E+00,+13.04884E+00,-14.86E-03
-13.77500E+00,+13.04884E+00,-14.90E-03
-13.75000E+00,+13.04884E+00,-14.85E-03
-13.72500E+00,+13.04914E+00,-14.91E-03
-13.70000E+00,+13.04905E+00,-14.90E-03
-13.67500E+00,+13.04925E+00,-14.85E-03
-13.65000E+00,+13.04943E+00,-14.85E-03
-13.62500E+00,+13.04936E+00,-14.91E-03
-13.60000E+00,+13.04966E+00,-14.84E-03
-13.57500E+00,+13.04965E+00,-14.89E-03
-13.55000E+00,+13.04993E+00,-14.91E-03
-13.52500E+00,+13.04991E+00,-14.85E-03
-13.50000E+00,+13.05008E+00,-14.86E-03
-13.47500E+00,+13.05018E+00,-14.89E-03
-13.45000E+00,+13.05031E+00,-14.84E-03
-13.42500E+00,+13.05032E+00,-14.91E-03
-13.40000E+00,+13.05031E+00,-14.91E-03
-13.37500E+00,+13.05063E+00,-14.86E-03
-13.35000E+00,+13.05072E+00,-14.87E-03
-13.32500E+00,+13.05063E+00,-14.86E-03
-13.30000E+00,+13.05080E+00,-14.83E-03
-13.27500E+00,+13.05096E+00,-14.90E-03
-13.25000E+00,+13.05112E+00,-14.93E-03
-13.22500E+00,+13.05123E+00,-14.87E-03
-13.20000E+00,+13.05137E+00,-14.86E-03
-13.17500E+00,+13.05123E+00,-14.86E-03
-13.15000E+00,+13.05161E+00,-14.85E-03
-13.12500E+00,+13.05194E+00,-14.90E-03
-13.10000E+00,+13.05180E+00,-14.88E-03
-13.07500E+00,+13.05194E+00,-14.85E-03
-13.05000E+00,+13.05210E+00,-14.88E-03
-13.02500E+00,+13.05206E+00,-14.87E-03
-13.00000E+00,+13.05226E+00,-14.83E-03
-12.97500E+00,+13.05243E+00,-14.89E-03
-12.95000E+00,+13.05243E+00,-14.89E-03
-12.92500E+00,+13.05271E+00,-14.85E-03
-12.90000E+00,+13.05275E+00,-14.89E-03
-12.87500E+00,+13.05289E+00,-14.84E-03
-12.85000E+00,+13.05292E+00,-14.82E-03
-12.82500E+00,+13.05309E+00,-14.91E-03
-12.80000E+00,+13.05323E+00,-14.84E-03
-12.77500E+00,+13.05353E+00,-14.88E-03
-12.75000E+00,+13.05347E+00,-14.88E-03
-12.72500E+00,+13.05355E+00,-14.86E-03
-12.70000E+00,+13.05369E+00,-14.79E-03
-12.67500E+00,+13.05373E+00,-14.92E-03
-12.65000E+00,+13.05389E+00,-14.86E-03
-12.62500E+00,+13.05403E+00,-14.90E-03
-12.60000E+00,+13.05412E+00,-14.88E-03
-12.57500E+00,+13.05406E+00,-14.87E-03
-12.55000E+00,+13.05439E+00,-14.83E-03
-12.52500E+00,+13.05441E+00,-14.91E-03
-12.50000E+00,+13.05455E+00,-14.85E-03
-12.47500E+00,+13.05471E+00,-14.88E-03
-12.45000E+00,+13.05477E+00,-14.91E-03
-12.42500E+00,+13.05488E+00,-14.88E-03
-12.40000E+00,+13.05488E+00,-14.84E-03
-12.37500E+00,+13.05504E+00,-14.89E-03
-12.35000E+00,+13.05505E+00,-14.84E-03
-12.32500E+00,+13.05520E+00,-14.88E-03
-12.30000E+00,+13.05520E+00,-14.92E-03
-12.27500E+00,+13.05537E+00,-14.84E-03
-12.25000E+00,+13.05547E+00,-14.89E-03
-12.22500E+00,+13.05541E+00,-14.91E-03
-12.20000E+00,+13.05569E+00,-14.84E-03
-12.17500E+00,+13.05569E+00,-14.87E-03
-12.15000E+00,+13.05569E+00,-14.92E-03
-12.12500E+00,+13.05596E+00,-14.85E-03
-12.10000E+00,+13.05611E+00,-14.87E-03
-12.07500E+00,+13.05602E+00,-14.86E-03
-12.05000E+00,+13.05637E+00,-14.87E-03
-12.02500E+00,+13.05635E+00,-14.91E-03
-12.00000E+00,+13.05651E+00,-14.94E-03
-11.97500E+00,+13.05662E+00,-14.86E-03
-11.95000E+00,+13.05667E+00,-14.88E-03
-11.92500E+00,+13.05673E+00,-14.87E-03
-11.90000E+00,+13.05684E+00,-14.84E-03
-11.87500E+00,+13.05716E+00,-14.89E-03
-11.85000E+00,+13.05684E+00,-14.93E-03
-11.82500E+00,+13.05739E+00,-14.87E-03
-11.80000E+00,+13.05733E+00,-14.86E-03
-11.77500E+00,+13.05745E+00,-14.85E-03
-11.75000E+00,+13.05749E+00,-14.82E-03
-11.72500E+00,+13.05749E+00,-14.89E-03
-11.70000E+00,+13.05765E+00,-14.85E-03
-11.67500E+00,+13.05782E+00,-14.85E-03
-11.65000E+00,+13.05782E+00,-14.88E-03
-11.62500E+00,+13.05788E+00,-14.85E-03
-11.60000E+00,+13.05798E+00,-14.79E-03
-11.57500E+00,+13.05798E+00,-14.92E-03
-11.55000E+00,+13.05813E+00,-14.89E-03
-11.52500E+00,+13.05847E+00,-14.87E-03
-11.50000E+00,+13.05854E+00,-14.88E-03
-11.47500E+00,+13.05861E+00,-14.85E-03
-11.45000E+00,+13.05880E+00,-14.85E-03
-11.42500E+00,+13.05880E+00,-14.90E-03
-11.40000E+00,+13.05895E+00,-14.83E-03
-11.37500E+00,+13.05896E+00,-14.90E-03
-11.35000E+00,+13.05896E+00,-14.89E-03
-11.32500E+00,+13.05888E+00,-14.87E-03
-11.30000E+00,+13.05907E+00,-14.79E-03
-11.27500E+00,+13.05929E+00,-14.89E-03
-11.25000E+00,+13.05929E+00,-14.85E-03
-11.22500E+00,+13.05931E+00,-14.87E-03
-11.20000E+00,+13.05950E+00,-14.90E-03
-11.17500E+00,+13.05954E+00,-14.84E-03
-11.15000E+00,+13.05978E+00,-14.85E-03
-11.12500E+00,+13.05981E+00,-14.91E-03
-11.10000E+00,+13.05994E+00,-14.83E-03
-11.07500E+00,+13.05994E+00,-14.89E-03
-11.05000E+00,+13.05994E+00,-14.94E-03
-11.02500E+00,+13.06010E+00,-14.88E-03
-11.00000E+00,+13.06020E+00,-14.87E-03
-10.97500E+00,+13.06031E+00,-14.89E-03
-10.95000E+00,+13.06044E+00,-14.83E-03
-10.92500E+00,+13.06059E+00,-14.86E-03
-10.90000E+00,+13.06059E+00,-14.90E-03
-10.87500E+00,+13.06086E+00,-14.88E-03
-10.85000E+00,+13.06101E+00,-14.87E-03
-10.82500E+00,+13.06097E+00,-14.86E-03
-10.80000E+00,+13.06094E+00,-14.86E-03
-10.77500E+00,+13.06108E+00,-14.90E-03
-10.75000E+00,+13.06108E+00,-14.92E-03
-10.72500E+00,+13.06108E+00,-14.88E-03
-10.70000E+00,+13.06141E+00,-14.88E-03
-10.67500E+00,+13.06130E+00,-14.87E-03
-10.65000E+00,+13.06141E+00,-14.84E-03
-10.62500E+00,+13.06141E+00,-14.89E-03
-10.60000E+00,+13.06157E+00,-14.89E-03
-10.57500E+00,+13.06157E+00,-14.85E-03
-10.55000E+00,+13.06174E+00,-14.88E-03
-10.52500E+00,+13.06196E+00,-14.86E-03
-10.50000E+00,+13.06203E+00,-14.83E-03
-10.47500E+00,+13.06206E+00,-14.90E-03
-10.45000E+00,+13.06221E+00,-14.88E-03
-10.42500E+00,+13.06234E+00,-14.83E-03
-10.40000E+00,+13.06223E+00,-14.89E-03
-10.37500E+00,+13.06252E+00,-14.88E-03
-10.35000E+00,+13.06268E+00,-14.85E-03
-10.32500E+00,+13.06255E+00,-14.92E-03
-10.30000E+00,+13.06255E+00,-14.86E-03
-10.27500E+00,+13.06284E+00,-14.86E-03
-10.25000E+00,+13.06278E+00,-14.89E-03
-10.22500E+00,+13.06263E+00,-14.85E-03
-10.20000E+00,+13.06316E+00,-14.82E-03
-10.17500E+00,+13.06306E+00,-14.92E-03
-10.15000E+00,+13.06320E+00,-14.84E-03
-10.12500E+00,+13.06321E+00,-14.89E-03
-10.10000E+00,+13.06331E+00,-14.89E-03
-10.07500E+00,+13.06345E+00,-14.87E-03
-10.05000E+00,+13.06348E+00,-14.84E-03
-10.02500E+00,+13.06370E+00,-14.89E-03
-10.00000E+00,+13.06370E+00,-14.85E-03
-9.97500E+00,+13.06386E+00,-14.89E-03
-9.95000E+00,+13.06386E+00,-14.91E-03
-9.92500E+00,+13.06403E+00,-14.85E-03
-9.90000E+00,+13.06396E+00,-14.83E-03
-9.87500E+00,+13.06389E+00,-14.90E-03
-9.85000E+00,+13.06402E+00,-14.84E-03
-9.82500E+00,+13.06431E+00,-14.89E-03
-9.80000E+00,+13.06430E+00,-14.91E-03
-9.77500E+00,+13.06444E+00,-14.89E-03
-9.75000E+00,+13.06455E+00,-14.88E-03
-9.72500E+00,+13.06439E+00,-14.89E-03
-9.70000E+00,+13.06468E+00,-14.83E-03
-9.67500E+00,+13.06468E+00,-14.89E-03
-9.65000E+00,+13.06468E+00,-14.93E-03
-9.62500E+00,+13.06477E+00,-14.86E-03
-9.60000E+00,+13.06484E+00,-14.87E-03
-9.57500E+00,+13.06489E+00,-14.87E-03
-9.55000E+00,+13.06500E+00,-14.86E-03
-9.52500E+00,+13.06517E+00,-14.90E-03
-9.50000E+00,+13.06500E+00,-14.91E-03
-9.47500E+00,+13.06527E+00,-14.85E-03
-9.45000E+00,+13.06533E+00,-14.89E-03
-9.42500E+00,+13.06549E+00,-14.87E-03
-9.40000E+00,+13.06549E+00,-14.81E-03
-9.37500E+00,+13.06566E+00,-14.86E-03
-9.35000E+00,+13.06566E+00,-14.90E-03
-9.32500E+00,+13.06582E+00,-14.85E-03
-9.30000E+00,+13.06590E+00,-14.88E-03
-9.27500E+00,+13.06594E+00,-14.86E-03
-9.25000E+00,+13.06598E+00,-14.81E-03
-9.22500E+00,+13.06598E+00,-14.89E-03
-9.20000E+00,+13.06615E+00,-14.85E-03
-9.17500E+00,+13.06615E+00,-14.89E-03
-9.15000E+00,+13.06615E+00,-14.87E-03
-9.12500E+00,+13.06621E+00,-14.88E-03
-9.10000E+00,+13.06643E+00,-14.81E-03
-9.07500E+00,+13.06647E+00,-14.91E-03
-9.05000E+00,+13.06647E+00,-14.87E-03
-9.02500E+00,+13.06680E+00,-14.87E-03
-9.00000E+00,+13.06664E+00,-14.87E-03
-8.97500E+00,+13.06687E+00,-14.86E-03
-8.95000E+00,+13.06713E+00,-14.84E-03
-8.92500E+00,+13.06713E+00,-14.89E-03
-8.90000E+00,+13.06696E+00,-14.84E-03
-8.87500E+00,+13.06713E+00,-14.88E-03
-8.85000E+00,+13.06702E+00,-14.92E-03
-8.82500E+00,+13.06704E+00,-14.85E-03
-8.80000E+00,+13.06724E+00,-14.82E-03
-8.77500E+00,+13.06732E+00,-14.90E-03
-8.75000E+00,+13.06762E+00,-14.84E-03
-8.72500E+00,+13.06762E+00,-14.86E-03
-8.70000E+00,+13.06762E+00,-14.90E-03
-8.67500E+00,+13.06770E+00,-14.87E-03
-8.65000E+00,+13.06788E+00,-14.90E-03
-8.62500E+00,+13.06794E+00,-14.90E-03
-8.60000E+00,+13.06794E+00,-14.80E-03
-8.57500E+00,+13.06796E+00,-14.87E-03
-8.55000E+00,+13.06811E+00,-14.92E-03
-8.52500E+00,+13.06820E+00,-14.87E-03
-8.50000E+00,+13.06820E+00,-14.88E-03
-8.47500E+00,+13.06827E+00,-14.89E-03
-8.45000E+00,+13.06843E+00,-14.85E-03
-8.42500E+00,+13.06843E+00,-14.89E-03
-8.40000E+00,+13.06856E+00,-14.91E-03
-8.37500E+00,+13.06847E+00,-14.86E-03
-8.35000E+00,+13.06852E+00,-14.87E-03
-8.32500E+00,+13.06852E+00,-14.88E-03
-8.30000E+00,+13.06876E+00,-14.79E-03
-8.27500E+00,+13.06908E+00,-14.88E-03
-8.25000E+00,+13.06909E+00,-14.94E-03
-8.22500E+00,+13.06903E+00,-14.84E-03
-8.20000E+00,+13.06901E+00,-14.88E-03
-8.17500E+00,+13.06914E+00,-14.86E-03
-8.15000E+00,+13.06925E+00,-14.85E-03
-8.12500E+00,+13.06925E+00,-14.89E-03
-8.10000E+00,+13.06941E+00,-14.87E-03
-8.07500E+00,+13.06952E+00,-14.87E-03
-8.05000E+00,+13.06925E+00,-14.89E-03
-8.02500E+00,+13.06947E+00,-14.88E-03
-8.00000E+00,+13.06958E+00,-14.78E-03
-7.97500E+00,+13.06958E+00,-14.90E-03
-7.95000E+00,+13.06972E+00,-14.87E-03
-7.92500E+00,+13.07002E+00,-14.86E-03
-7.90000E+00,+13.06990E+00,-14.87E-03
-7.87500E+00,+13.06990E+00,-14.85E-03
-7.85000E+00,+13.07015E+00,-14.83E-03
-7.82500E+00,+13.07007E+00,-14.93E-03
-7.80000E+00,+13.07007E+00,-14.86E-03
-7.77500E+00,+13.07023E+00,-14.88E-03
-7.75000E+00,+13.07030E+00,-14.91E-03
-7.72500E+00,+13.07030E+00,-14.88E-03
-7.70000E+00,+13.07044E+00,-14.83E-03
-7.67500E+00,+13.07041E+00,-14.89E-03
-7.65000E+00,+13.07056E+00,-14.83E-03
-7.62500E+00,+13.07056E+00,-14.87E-03
-7.60000E+00,+13.07066E+00,-14.89E-03
-7.57500E+00,+13.07080E+00,-14.86E-03
-7.55000E+00,+13.07083E+00,-14.87E-03
-7.52500E+00,+13.07105E+00,-14.89E-03
-7.50000E+00,+13.07088E+00,-14.81E-03
-7.47500E+00,+13.07105E+00,-14.88E-03
-7.45000E+00,+13.07105E+00,-14.90E-03
-7.42500E+00,+13.07129E+00,-14.85E-03
-7.40000E+00,+13.07131E+00,-14.85E-03
-7.37500E+00,+13.07108E+00,-14.89E-03
-7.35000E+00,+13.07154E+00,-14.85E-03
-7.32500E+00,+13.07137E+00,-14.89E-03
-7.30000E+00,+13.07142E+00,-14.91E-03
-7.27500E+00,+13.07156E+00,-14.88E-03
-7.25000E+00,+13.07154E+00,-14.87E-03
-7.22500E+00,+13.07158E+00,-14.86E-03
-7.20000E+00,+13.07171E+00,-14.80E-03
-7.17500E+00,+13.07171E+00,-14.90E-03
-7.15000E+00,+13.07186E+00,-14.93E-03
-7.12500E+00,+13.07180E+00,-14.84E-03
-7.10000E+00,+13.07195E+00,-14.85E-03
-7.07500E+00,+13.07207E+00,-14.86E-03
-7.05000E+00,+13.07217E+00,-14.83E-03
-7.02500E+00,+13.07219E+00,-14.87E-03
-7.00000E+00,+13.07232E+00,-14.91E-03
-6.97500E+00,+13.07235E+00,-14.85E-03
-6.95000E+00,+13.07235E+00,-14.86E-03
-6.92500E+00,+13.07252E+00,-14.85E-03
-6.90000E+00,+13.07252E+00,-14.78E-03
-6.87500E+00,+13.07252E+00,-14.89E-03
-6.85000E+00,+13.07282E+00,-14.91E-03
-6.82500E+00,+13.07273E+00,-14.83E-03
-6.80000E+00,+13.07284E+00,-14.88E-03
-6.77500E+00,+13.07290E+00,-14.85E-03
-6.75000E+00,+13.07317E+00,-14.82E-03
-6.72500E+00,+13.07317E+00,-14.91E-03
-6.70000E+00,+13.07317E+00,-14.83E-03
-6.67500E+00,+13.07333E+00,-14.84E-03
-6.65000E+00,+13.07340E+00,-14.89E-03
-6.62500E+00,+13.07340E+00,-14.86E-03
-6.60000E+00,+13.07350E+00,-14.81E-03
-6.57500E+00,+13.07350E+00,-14.90E-03
-6.55000E+00,+13.07350E+00,-14.87E-03
-6.52500E+00,+13.07362E+00,-14.86E-03
-6.50000E+00,+13.07366E+00,-14.87E-03
-6.47500E+00,+13.07366E+00,-14.86E-03
-6.45000E+00,+13.07382E+00,-14.84E-03
-6.42500E+00,+13.07368E+00,-14.93E-03
-6.40000E+00,+13.07398E+00,-14.85E-03
-6.37500E+00,+13.07395E+00,-14.86E-03
-6.35000E+00,+13.07399E+00,-14.88E-03
-6.32500E+00,+13.07415E+00,-14.84E-03
-6.30000E+00,+13.07426E+00,-14.81E-03
-6.27500E+00,+13.07418E+00,-14.89E-03
-6.25000E+00,+13.07448E+00,-14.84E-03
-6.22500E+00,+13.07431E+00,-14.87E-03
-6.20000E+00,+13.07431E+00,-14.89E-03
-6.17500E+00,+13.07456E+00,-14.85E-03
-6.15000E+00,+13.07458E+00,-14.86E-03
-6.12500E+00,+13.07451E+00,-14.89E-03
-6.10000E+00,+13.07465E+00,-14.85E-03
-6.07500E+00,+13.07480E+00,-14.88E-03
-6.05000E+00,+13.07480E+00,-14.92E-03
-6.02500E+00,+13.07473E+00,-14.87E-03
-6.00000E+00,+13.07490E+00,-14.87E-03
-5.97500E+00,+13.07501E+00,-14.86E-03
-5.95000E+00,+13.07498E+00,-14.84E-03
-5.92500E+00,+13.07512E+00,-14.85E-03
-5.90000E+00,+13.07513E+00,-14.91E-03
-5.87500E+00,+13.07506E+00,-14.87E-03
-5.85000E+00,+13.07513E+00,-14.87E-03
-5.82500E+00,+13.07517E+00,-14.87E-03
-5.80000E+00,+13.07529E+00,-14.81E-03
-5.77500E+00,+13.07546E+00,-14.87E-03
-5.75000E+00,+13.07546E+00,-14.91E-03
-5.72500E+00,+13.07572E+00,-14.84E-03
-5.70000E+00,+13.07563E+00,-14.87E-03
-5.67500E+00,+13.07578E+00,-14.85E-03
-5.65000E+00,+13.07595E+00,-14.83E-03
-5.62500E+00,+13.07578E+00,-14.88E-03
-5.60000E+00,+13.07578E+00,-14.86E-03
-5.57500E+00,+13.07606E+00,-14.86E-03
-5.55000E+00,+13.07611E+00,-14.88E-03
-5.52500E+00,+13.07600E+00,-14.86E-03
-5.50000E+00,+13.07611E+00,-14.83E-03
-5.47500E+00,+13.07627E+00,-14.93E-03
-5.45000E+00,+13.07627E+00,-14.87E-03
-5.42500E+00,+13.07627E+00,-14.83E-03
-5.40000E+00,+13.07634E+00,-14.85E-03
-5.37500E+00,+13.07634E+00,-14.88E-03
-5.35000E+00,+13.07660E+00,-14.82E-03
-5.32500E+00,+13.07642E+00,-14.91E-03
-5.30000E+00,+13.07627E+00,-14.85E-03
-5.27500E+00,+13.07660E+00,-14.83E-03
-5.25000E+00,+13.07660E+00,-14.89E-03
-5.22500E+00,+13.07676E+00,-14.86E-03
-5.20000E+00,+13.07676E+00,-14.81E-03
-5.17500E+00,+13.07693E+00,-14.89E-03
-5.15000E+00,+13.07693E+00,-14.80E-03
-5.12500E+00,+13.07693E+00,-14.87E-03
-5.10000E+00,+13.07693E+00,-14.89E-03
-5.07500E+00,+13.07717E+00,-14.86E-03
-5.05000E+00,+13.07725E+00,-14.84E-03
-5.02500E+00,+13.07709E+00,-14.90E-03
-5.00000E+00,+13.07758E+00,-14.81E-03
-4.97500E+00,+13.07728E+00,-14.86E-03
-4.95000E+00,+13.07742E+00,-14.90E-03
-4.92500E+00,+13.07750E+00,-14.87E-03
-4.90000E+00,+13.07774E+00,-14.85E-03
-4.87500E+00,+13.07758E+00,-14.88E-03
-4.85000E+00,+13.07759E+00,-14.84E-03
-4.82500E+00,+13.07776E+00,-14.89E-03
-4.80000E+00,+13.07786E+00,-14.90E-03
-4.77500E+00,+13.07791E+00,-14.85E-03
-4.75000E+00,+13.07791E+00,-14.88E-03
-4.72500E+00,+13.07794E+00,-14.90E-03
-4.70000E+00,+13.07807E+00,-14.83E-03
-4.67500E+00,+13.07806E+00,-14.87E-03
-4.65000E+00,+13.07794E+00,-14.95E-03
-4.62500E+00,+13.07807E+00,-14.85E-03
-4.60000E+00,+13.07823E+00,-14.87E-03
-4.57500E+00,+13.07823E+00,-14.86E-03
-4.55000E+00,+13.07823E+00,-14.83E-03
-4.52500E+00,+13.07840E+00,-14.85E-03
-4.50000E+00,+13.07856E+00,-14.88E-03
-4.47500E+00,+13.07850E+00,-14.83E-03
-4.45000E+00,+13.07848E+00,-14.89E-03
-4.42500E+00,+13.07856E+00,-14.88E-03
-4.40000E+00,+13.07875E+00,-14.80E-03
-4.37500E+00,+13.07856E+00,-14.89E-03
-4.35000E+00,+13.07856E+00,-14.91E-03
-4.32500E+00,+13.07905E+00,-14.83E-03
-4.30000E+00,+13.07880E+00,-14.88E-03
-4.27500E+00,+13.07894E+00,-14.86E-03
-4.25000E+00,+13.07918E+00,-14.81E-03
-4.22500E+00,+13.07921E+00,-14.91E-03
-4.20000E+00,+13.07905E+00,-14.81E-03
-4.17500E+00,+13.07917E+00,-14.86E-03
-4.15000E+00,+13.07928E+00,-14.88E-03
-4.12500E+00,+13.07928E+00,-14.87E-03
-4.10000E+00,+13.07938E+00,-14.79E-03
-4.07500E+00,+13.07955E+00,-14.91E-03
-4.05000E+00,+13.07969E+00,-14.85E-03
-4.02500E+00,+13.07954E+00,-14.87E-03
-4.00000E+00,+13.07960E+00,-14.89E-03
-3.97500E+00,+13.07970E+00,-14.84E-03
-3.95000E+00,+13.07982E+00,-14.83E-03
-3.92500E+00,+13.07970E+00,-14.91E-03
-3.90000E+00,+13.07986E+00,-14.82E-03
-3.87500E+00,+13.07990E+00,-14.87E-03
-3.85000E+00,+13.07987E+00,-14.90E-03
-3.82500E+00,+13.08003E+00,-14.85E-03
-3.80000E+00,+13.08003E+00,-14.81E-03
-3.77500E+00,+13.08003E+00,-14.90E-03
-3.75000E+00,+13.08019E+00,-14.85E-03
-3.72500E+00,+13.08033E+00,-14.85E-03
-3.70000E+00,+13.08019E+00,-14.89E-03
-3.67500E+00,+13.08011E+00,-14.87E-03
-3.65000E+00,+13.08046E+00,-14.87E-03
-3.62500E+00,+13.08019E+00,-14.88E-03
-3.60000E+00,+13.08036E+00,-14.83E-03
-3.57500E+00,+13.08036E+00,-14.88E-03
-3.55000E+00,+13.08052E+00,-14.92E-03
-3.52500E+00,+13.08061E+00,-14.84E-03
-3.50000E+00,+13.08052E+00,-14.85E-03
-3.47500E+00,+13.08072E+00,-14.87E-03
-3.45000E+00,+13.08085E+00,-14.84E-03
-3.42500E+00,+13.08085E+00,-14.85E-03
-3.40000E+00,+13.08085E+00,-14.91E-03
-3.37500E+00,+13.08101E+00,-14.85E-03
-3.35000E+00,+13.08094E+00,-14.89E-03
-3.32500E+00,+13.08105E+00,-14.87E-03
-3.30000E+00,+13.08117E+00,-14.82E-03
-3.27500E+00,+13.08117E+00,-14.87E-03
-3.25000E+00,+13.08117E+00,-14.91E-03
-3.22500E+00,+13.08134E+00,-14.86E-03
-3.20000E+00,+13.08134E+00,-14.88E-03
-3.17500E+00,+13.08122E+00,-14.86E-03
-3.15000E+00,+13.08166E+00,-14.83E-03
-3.12500E+00,+13.08150E+00,-14.89E-03
-3.10000E+00,+13.08150E+00,-14.88E-03
-3.07500E+00,+13.08150E+00,-14.83E-03
-3.05000E+00,+13.08174E+00,-14.91E-03
-3.02500E+00,+13.08166E+00,-14.86E-03
-3.00000E+00,+13.08169E+00,-14.80E-03
-2.97500E+00,+13.08182E+00,-14.90E-03
-2.95000E+00,+13.08166E+00,-14.88E-03
-2.92500E+00,+13.08183E+00,-14.88E-03
-2.90000E+00,+13.08183E+00,-14.87E-03
-2.87500E+00,+13.08189E+00,-14.86E-03
-2.85000E+00,+13.08199E+00,-14.80E-03
-2.82500E+00,+13.08184E+00,-14.92E-03
-2.80000E+00,+13.08215E+00,-14.83E-03
-2.77500E+00,+13.08215E+00,-14.88E-03
-2.75000E+00,+13.08212E+00,-14.90E-03
-2.72500E+00,+13.08222E+00,-14.88E-03
-2.70000E+00,+13.08248E+00,-14.83E-03
-2.67500E+00,+13.08232E+00,-14.92E-03
-2.65000E+00,+13.08264E+00,-14.84E-03
-2.62500E+00,+13.08248E+00,-14.86E-03
-2.60000E+00,+13.08264E+00,-14.89E-03
-2.57500E+00,+13.08256E+00,-14.88E-03
-2.55000E+00,+13.08275E+00,-14.85E-03
-2.52500E+00,+13.08264E+00,-14.91E-03
-2.50000E+00,+13.08264E+00,-14.81E-03
-2.47500E+00,+13.08281E+00,-14.87E-03
-2.45000E+00,+13.08269E+00,-14.92E-03
-2.42500E+00,+13.08281E+00,-14.85E-03
-2.40000E+00,+13.08291E+00,-14.86E-03
-2.37500E+00,+13.08300E+00,-14.89E-03
-2.35000E+00,+13.08313E+00,-14.85E-03
-2.32500E+00,+13.08297E+00,-14.85E-03
-2.30000E+00,+13.08313E+00,-14.92E-03
-2.27500E+00,+13.08313E+00,-14.85E-03
-2.25000E+00,+13.08316E+00,-14.87E-03
-2.22500E+00,+13.08317E+00,-14.86E-03
-2.20000E+00,+13.08361E+00,-14.80E-03
-2.17500E+00,+13.08345E+00,-14.92E-03
-2.15000E+00,+13.08346E+00,-14.93E-03
-2.12500E+00,+13.08346E+00,-14.84E-03
-2.10000E+00,+13.08348E+00,-14.86E-03
-2.07500E+00,+13.08346E+00,-14.87E-03
-2.05000E+00,+13.08379E+00,-14.85E-03
-2.02500E+00,+13.08379E+00,-14.90E-03
-2.00000E+00,+13.08382E+00,-14.90E-03
-1.97500E+00,+13.08405E+00,-14.84E-03
-1.95000E+00,+13.08387E+00,-14.89E-03
-1.92500E+00,+13.08384E+00,-14.86E-03
-1.90000E+00,+13.08395E+00,-14.79E-03
-1.87500E+00,+13.08411E+00,-14.90E-03
-1.85000E+00,+13.08411E+00,-14.89E-03
-1.82500E+00,+13.08411E+00,-14.86E-03
-1.80000E+00,+13.08427E+00,-14.89E-03
-1.77500E+00,+13.08417E+00,-14.86E-03
-1.75000E+00,+13.08427E+00,-14.80E-03
-1.72500E+00,+13.08427E+00,-14.91E-03
-1.70000E+00,+13.08442E+00,-14.83E-03
-1.67500E+00,+13.08444E+00,-14.87E-03
-1.65000E+00,+13.08444E+00,-14.90E-03
-1.62500E+00,+13.08450E+00,-14.86E-03
-1.60000E+00,+13.08456E+00,-14.80E-03
-1.57500E+00,+13.08460E+00,-14.92E-03
-1.55000E+00,+13.08459E+00,-14.83E-03
-1.52500E+00,+13.08476E+00,-14.86E-03
-1.50000E+00,+13.08476E+00,-14.88E-03
-1.47500E+00,+13.08491E+00,-14.88E-03
-1.45000E+00,+13.08500E+00,-14.84E-03
-1.42500E+00,+13.08476E+00,-14.92E-03
-1.40000E+00,+13.08493E+00,-14.80E-03
-1.37500E+00,+13.08506E+00,-14.91E-03
-1.35000E+00,+13.08509E+00,-14.91E-03
-1.32500E+00,+13.08501E+00,-14.86E-03
-1.30000E+00,+13.08537E+00,-14.81E-03
-1.27500E+00,+13.08525E+00,-14.89E-03
-1.25000E+00,+13.08525E+00,-14.85E-03
-1.22500E+00,+13.08528E+00,-14.87E-03
-1.20000E+00,+13.08537E+00,-14.90E-03
-1.17500E+00,+13.08534E+00,-14.88E-03
-1.15000E+00,+13.08542E+00,-14.88E-03
-1.12500E+00,+13.08561E+00,-14.90E-03
-1.10000E+00,+13.08558E+00,-14.83E-03
-1.07500E+00,+13.08558E+00,-14.89E-03
-1.05000E+00,+13.08591E+00,-14.91E-03
-1.02500E+00,+13.08591E+00,-14.84E-03
-1.00000E+00,+13.08584E+00,-14.87E-03
-975.00E-03,+13.08578E+00,-14.87E-03
-950.00E-03,+13.08591E+00,-14.82E-03
-925.00E-03,+13.08592E+00,-14.85E-03
-900.00E-03,+13.08591E+00,-14.90E-03
-875.00E-03,+13.08610E+00,-14.85E-03
-850.00E-03,+13.08623E+00,-14.89E-03
-825.00E-03,+13.08607E+00,-14.86E-03
-800.00E-03,+13.08609E+00,-14.81E-03
-775.00E-03,+13.08623E+00,-14.88E-03
-750.00E-03,+13.08610E+00,-14.90E-03
-725.00E-03,+13.08634E+00,-14.87E-03
-700.00E-03,+13.08623E+00,-14.87E-03
-675.00E-03,+13.08629E+00,-14.86E-03
-650.00E-03,+13.08640E+00,-14.83E-03
-625.00E-03,+13.08640E+00,-14.88E-03
-600.00E-03,+13.08654E+00,-14.86E-03
-575.00E-03,+13.08656E+00,-14.85E-03
-550.00E-03,+13.08664E+00,-14.90E-03
-525.00E-03,+13.08678E+00,-14.88E-03
-500.00E-03,+13.08686E+00,-14.81E-03
-475.00E-03,+13.08672E+00,-14.91E-03
-450.00E-03,+13.08689E+00,-14.86E-03
-425.00E-03,+13.08684E+00,-14.86E-03
-400.00E-03,+13.08672E+00,-14.88E-03
-375.00E-03,+13.08672E+00,-14.88E-03
-350.00E-03,+13.08701E+00,-14.85E-03
-325.00E-03,+13.08690E+00,-14.92E-03
-300.00E-03,+13.08704E+00,-14.85E-03
-275.00E-03,+13.08718E+00,-14.87E-03
-250.00E-03,+13.08705E+00,-14.91E-03
-225.00E-03,+13.08721E+00,-14.87E-03
-200.00E-03,+13.08733E+00,-14.85E-03
-175.00E-03,+13.08738E+00,-14.91E-03
-150.00E-03,+13.08738E+00,-14.85E-03
-125.00E-03,+13.08738E+00,-14.88E-03
-100.00E-03,+13.08727E+00,-14.92E-03
-75.00E-03,+13.08746E+00,-14.97E-03
-50.00E-03,+13.06180E+00,-12.25E-03
-25.00E-03,+12.93795E+00,+490E-06
-0.0E+00,+12.93500E+00,+500E-06
+25.00E-03,+12.93296E+00,+500E-06
+50.00E-03,+12.93168E+00,+490E-06
+75.00E-03,+12.93042E+00,+500E-06
+100.00E-03,+12.92923E+00,+510E-06
+125.00E-03,+12.92857E+00,+510E-06
+150.00E-03,+12.92781E+00,+490E-06
+175.00E-03,+12.92718E+00,+490E-06
+200.00E-03,+12.92656E+00,+510E-06
+225.00E-03,+12.92593E+00,+500E-06
+250.00E-03,+12.92530E+00,+490E-06
+275.00E-03,+12.92471E+00,+500E-06
+300.00E-03,+12.92421E+00,+510E-06
+325.00E-03,+12.92375E+00,+510E-06
+350.00E-03,+12.92316E+00,+510E-06
+375.00E-03,+12.92259E+00,+500E-06
+400.00E-03,+12.92259E+00,+510E-06
+425.00E-03,+12.92206E+00,+510E-06
+450.00E-03,+12.92161E+00,+500E-06
+475.00E-03,+12.92145E+00,+500E-06
+500.00E-03,+12.92112E+00,+500E-06
+525.00E-03,+12.92080E+00,+510E-06
+550.00E-03,+12.92047E+00,+490E-06
+575.00E-03,+12.92009E+00,+500E-06
+600.00E-03,+12.91965E+00,+500E-06
+625.00E-03,+12.91933E+00,+500E-06
+650.00E-03,+12.91916E+00,+490E-06
+675.00E-03,+12.91884E+00,+490E-06
+700.00E-03,+12.91867E+00,+490E-06
+725.00E-03,+12.91867E+00,+500E-06
+750.00E-03,+12.91828E+00,+500E-06
+775.00E-03,+12.91770E+00,+500E-06
+800.00E-03,+12.91739E+00,+500E-06
+825.00E-03,+12.91720E+00,+490E-06
+850.00E-03,+12.91702E+00,+490E-06
+875.00E-03,+12.91671E+00,+490E-06
+900.00E-03,+12.91655E+00,+490E-06
+925.00E-03,+12.91622E+00,+500E-06
+950.00E-03,+12.91606E+00,+490E-06
+975.00E-03,+12.91573E+00,+500E-06
+1.00000E+00,+12.91557E+00,+490E-06
+1.02500E+00,+12.91533E+00,+500E-06
+1.05000E+00,+12.91508E+00,+500E-06
+1.07500E+00,+12.91492E+00,+490E-06
+1.10000E+00,+12.91476E+00,+500E-06
+1.12500E+00,+12.91475E+00,+510E-06
+1.15000E+00,+12.91443E+00,+490E-06
+1.17500E+00,+12.91418E+00,+490E-06
+1.20000E+00,+12.91394E+00,+490E-06
+1.22500E+00,+12.91377E+00,+500E-06
+1.25000E+00,+12.91361E+00,+490E-06
+1.27500E+00,+12.91328E+00,+500E-06
+1.30000E+00,+12.91301E+00,+500E-06
+1.32500E+00,+12.91296E+00,+510E-06
+1.35000E+00,+12.91279E+00,+500E-06
+1.37500E+00,+12.91260E+00,+490E-06
+1.40000E+00,+12.91247E+00,+500E-06
+1.42500E+00,+12.91218E+00,+510E-06
+1.45000E+00,+12.91202E+00,+500E-06
+1.47500E+00,+12.91198E+00,+500E-06
+1.50000E+00,+12.91181E+00,+490E-06
+1.52500E+00,+12.91177E+00,+500E-06
+1.55000E+00,+12.91147E+00,+500E-06
+1.57500E+00,+12.91116E+00,+490E-06
+1.60000E+00,+12.91104E+00,+500E-06
+1.62500E+00,+12.91116E+00,+510E-06
+1.65000E+00,+12.91076E+00,+500E-06
+1.67500E+00,+12.91067E+00,+490E-06
+1.70000E+00,+12.91049E+00,+500E-06
+1.72500E+00,+12.91035E+00,+500E-06
+1.75000E+00,+12.91021E+00,+490E-06
+1.77500E+00,+12.91002E+00,+480E-06
+1.80000E+00,+12.90994E+00,+490E-06
+1.82500E+00,+12.90991E+00,+500E-06
+1.85000E+00,+12.90969E+00,+490E-06
+1.87500E+00,+12.90936E+00,+480E-06
+1.90000E+00,+12.90936E+00,+490E-06
+1.92500E+00,+12.90925E+00,+490E-06
+1.95000E+00,+12.90904E+00,+480E-06
+1.97500E+00,+12.90887E+00,+480E-06
+2.00000E+00,+12.90874E+00,+480E-06
+2.02500E+00,+12.90887E+00,+490E-06
+2.05000E+00,+12.90871E+00,+480E-06
+2.07500E+00,+12.90855E+00,+480E-06
+2.10000E+00,+12.90838E+00,+480E-06
+2.12500E+00,+12.90815E+00,+480E-06
+2.15000E+00,+12.90793E+00,+470E-06
+2.17500E+00,+12.90789E+00,+450E-06
+2.20000E+00,+12.90789E+00,+470E-06
+2.22500E+00,+12.90761E+00,+480E-06
+2.25000E+00,+12.90757E+00,+480E-06
+2.27500E+00,+12.90747E+00,+460E-06
+2.30000E+00,+12.90736E+00,+470E-06
+2.32500E+00,+12.90724E+00,+470E-06
+2.35000E+00,+12.90708E+00,+480E-06
+2.37500E+00,+12.90708E+00,+470E-06
+2.40000E+00,+12.90685E+00,+470E-06
+2.42500E+00,+12.90683E+00,+470E-06
+2.45000E+00,+12.90659E+00,+470E-06
+2.47500E+00,+12.90659E+00,+470E-06
+2.50000E+00,+12.90642E+00,+480E-06
+2.52500E+00,+12.90642E+00,+480E-06
+2.55000E+00,+12.90642E+00,+470E-06
+2.57500E+00,+12.90610E+00,+470E-06
+2.60000E+00,+12.90616E+00,+470E-06
+2.62500E+00,+12.90593E+00,+480E-06
+2.65000E+00,+12.90577E+00,+460E-06
+2.67500E+00,+12.90577E+00,+460E-06
+2.70000E+00,+12.90577E+00,+470E-06
+2.72500E+00,+12.90561E+00,+480E-06
+2.75000E+00,+12.90544E+00,+470E-06
+2.77500E+00,+12.90540E+00,+470E-06
+2.80000E+00,+12.90525E+00,+460E-06
+2.82500E+00,+12.90495E+00,+460E-06
+2.85000E+00,+12.90495E+00,+470E-06
+2.87500E+00,+12.90495E+00,+460E-06
+2.90000E+00,+12.90479E+00,+470E-06
+2.92500E+00,+12.90467E+00,+480E-06
+2.95000E+00,+12.90461E+00,+470E-06
+2.97500E+00,+12.90430E+00,+480E-06
+3.00000E+00,+12.90443E+00,+470E-06
+3.02500E+00,+12.90440E+00,+470E-06
+3.05000E+00,+12.90430E+00,+470E-06
+3.07500E+00,+12.90414E+00,+450E-06
+3.10000E+00,+12.90414E+00,+470E-06
+3.12500E+00,+12.90397E+00,+480E-06
+3.15000E+00,+12.90395E+00,+470E-06
+3.17500E+00,+12.90365E+00,+470E-06
+3.20000E+00,+12.90381E+00,+470E-06
+3.22500E+00,+12.90365E+00,+470E-06
+3.25000E+00,+12.90332E+00,+460E-06
+3.27500E+00,+12.90332E+00,+460E-06
+3.30000E+00,+12.90316E+00,+460E-06
+3.32500E+00,+12.90299E+00,+470E-06
+3.35000E+00,+12.90292E+00,+470E-06
+3.37500E+00,+12.90290E+00,+460E-06
+3.40000E+00,+12.90295E+00,+470E-06
+3.42500E+00,+12.90283E+00,+460E-06
+3.45000E+00,+12.90283E+00,+460E-06
+3.47500E+00,+12.90267E+00,+450E-06
+3.50000E+00,+12.90257E+00,+470E-06
+3.52500E+00,+12.90250E+00,+470E-06
+3.55000E+00,+12.90250E+00,+460E-06
+3.57500E+00,+12.90218E+00,+460E-06
+3.60000E+00,+12.90233E+00,+460E-06
+3.62500E+00,+12.90234E+00,+460E-06
+3.65000E+00,+12.90207E+00,+470E-06
+3.67500E+00,+12.90218E+00,+460E-06
+3.70000E+00,+12.90201E+00,+470E-06
+3.72500E+00,+12.90199E+00,+480E-06
+3.75000E+00,+12.90169E+00,+480E-06
+3.77500E+00,+12.90169E+00,+460E-06
+3.80000E+00,+12.90152E+00,+480E-06
+3.82500E+00,+12.90136E+00,+480E-06
+3.85000E+00,+12.90136E+00,+470E-06
+3.87500E+00,+12.90120E+00,+470E-06
+3.90000E+00,+12.90103E+00,+460E-06
+3.92500E+00,+12.90105E+00,+480E-06
+3.95000E+00,+12.90108E+00,+470E-06
+3.97500E+00,+12.90087E+00,+460E-06
+4.00000E+00,+12.90081E+00,+480E-06
+4.02500E+00,+12.90087E+00,+470E-06
+4.05000E+00,+12.90087E+00,+470E-06
+4.07500E+00,+12.90072E+00,+460E-06
+4.10000E+00,+12.90054E+00,+460E-06
+4.12500E+00,+12.90061E+00,+470E-06
+4.15000E+00,+12.90047E+00,+460E-06
+4.17500E+00,+12.90033E+00,+460E-06
+4.20000E+00,+12.90024E+00,+460E-06
+4.22500E+00,+12.90022E+00,+480E-06
+4.25000E+00,+12.90005E+00,+470E-06
+4.27500E+00,+12.89995E+00,+460E-06
+4.30000E+00,+12.90005E+00,+460E-06
+4.32500E+00,+12.89989E+00,+470E-06
+4.35000E+00,+12.89986E+00,+470E-06
+4.37500E+00,+12.89973E+00,+460E-06
+4.40000E+00,+12.89973E+00,+470E-06
+4.42500E+00,+12.89945E+00,+460E-06
+4.45000E+00,+12.89956E+00,+460E-06
+4.47500E+00,+12.89967E+00,+460E-06
+4.50000E+00,+12.89956E+00,+470E-06
+4.52500E+00,+12.89956E+00,+480E-06
+4.55000E+00,+12.89926E+00,+450E-06
+4.57500E+00,+12.89924E+00,+450E-06
+4.60000E+00,+12.89898E+00,+460E-06
+4.62500E+00,+12.89898E+00,+470E-06
+4.65000E+00,+12.89903E+00,+460E-06
+4.67500E+00,+12.89891E+00,+460E-06
+4.70000E+00,+12.89876E+00,+470E-06
+4.72500E+00,+12.89875E+00,+460E-06
+4.75000E+00,+12.89875E+00,+470E-06
+4.77500E+00,+12.89858E+00,+450E-06
+4.80000E+00,+12.89875E+00,+470E-06
+4.82500E+00,+12.89842E+00,+460E-06
+4.85000E+00,+12.89842E+00,+460E-06
+4.87500E+00,+12.89829E+00,+460E-06
+4.90000E+00,+12.89842E+00,+470E-06
+4.92500E+00,+12.89826E+00,+480E-06
+4.95000E+00,+12.89809E+00,+460E-06
+4.97500E+00,+12.89823E+00,+450E-06
+5.00000E+00,+12.89793E+00,+460E-06
+5.02500E+00,+12.89807E+00,+470E-06
+5.05000E+00,+12.89793E+00,+450E-06
+5.07500E+00,+12.89793E+00,+450E-06
+5.10000E+00,+12.89787E+00,+460E-06
+5.12500E+00,+12.89773E+00,+470E-06
+5.15000E+00,+12.89777E+00,+460E-06
+5.17500E+00,+12.89760E+00,+450E-06
+5.20000E+00,+12.89744E+00,+460E-06
+5.22500E+00,+12.89744E+00,+460E-06
+5.25000E+00,+12.89744E+00,+470E-06
+5.27500E+00,+12.89728E+00,+450E-06
+5.30000E+00,+12.89728E+00,+460E-06
+5.32500E+00,+12.89744E+00,+460E-06
+5.35000E+00,+12.89715E+00,+450E-06
+5.37500E+00,+12.89711E+00,+460E-06
+5.40000E+00,+12.89711E+00,+460E-06
+5.42500E+00,+12.89707E+00,+460E-06
+5.45000E+00,+12.89711E+00,+460E-06
+5.47500E+00,+12.89727E+00,+460E-06
+5.50000E+00,+12.89695E+00,+470E-06
+5.52500E+00,+12.89685E+00,+470E-06
+5.55000E+00,+12.89671E+00,+460E-06
+5.57500E+00,+12.89662E+00,+450E-06
+5.60000E+00,+12.89662E+00,+450E-06
+5.62500E+00,+12.89646E+00,+450E-06
+5.65000E+00,+12.89660E+00,+470E-06
+5.67500E+00,+12.89651E+00,+460E-06
+5.70000E+00,+12.89630E+00,+470E-06
+5.72500E+00,+12.89619E+00,+460E-06
+5.75000E+00,+12.89646E+00,+460E-06
+5.77500E+00,+12.89630E+00,+460E-06
+5.80000E+00,+12.89597E+00,+460E-06
+5.82500E+00,+12.89609E+00,+470E-06
+5.85000E+00,+12.89597E+00,+470E-06
+5.87500E+00,+12.89597E+00,+460E-06
+5.90000E+00,+12.89597E+00,+460E-06
+5.92500E+00,+12.89581E+00,+470E-06
+5.95000E+00,+12.89566E+00,+450E-06
+5.97500E+00,+12.89564E+00,+460E-06
+6.00000E+00,+12.89571E+00,+460E-06
+6.02500E+00,+12.89548E+00,+460E-06
+6.05000E+00,+12.89564E+00,+460E-06
+6.07500E+00,+12.89550E+00,+450E-06
+6.10000E+00,+12.89548E+00,+460E-06
+6.12500E+00,+12.89535E+00,+470E-06
+6.15000E+00,+12.89532E+00,+460E-06
+6.17500E+00,+12.89532E+00,+460E-06
+6.20000E+00,+12.89532E+00,+450E-06
+6.22500E+00,+12.89529E+00,+470E-06
+6.25000E+00,+12.89515E+00,+460E-06
+6.27500E+00,+12.89502E+00,+460E-06
+6.30000E+00,+12.89510E+00,+470E-06
+6.32500E+00,+12.89515E+00,+460E-06
+6.35000E+00,+12.89499E+00,+460E-06
+6.37500E+00,+12.89483E+00,+460E-06
+6.40000E+00,+12.89466E+00,+460E-06
+6.42500E+00,+12.89466E+00,+460E-06
+6.45000E+00,+12.89466E+00,+460E-06
+6.47500E+00,+12.89450E+00,+460E-06
+6.50000E+00,+12.89450E+00,+460E-06
+6.52500E+00,+12.89450E+00,+460E-06
+6.55000E+00,+12.89449E+00,+460E-06
+6.57500E+00,+12.89434E+00,+450E-06
+6.60000E+00,+12.89434E+00,+470E-06
+6.62500E+00,+12.89444E+00,+470E-06
+6.65000E+00,+12.89434E+00,+470E-06
+6.67500E+00,+12.89429E+00,+460E-06
+6.70000E+00,+12.89417E+00,+470E-06
+6.72500E+00,+12.89417E+00,+460E-06
+6.75000E+00,+12.89417E+00,+450E-06
+6.77500E+00,+12.89417E+00,+460E-06
+6.80000E+00,+12.89401E+00,+460E-06
+6.82500E+00,+12.89385E+00,+460E-06
+6.85000E+00,+12.89385E+00,+450E-06
+6.87500E+00,+12.89368E+00,+450E-06
+6.90000E+00,+12.89385E+00,+460E-06
+6.92500E+00,+12.89385E+00,+460E-06
+6.95000E+00,+12.89376E+00,+460E-06
+6.97500E+00,+12.89363E+00,+460E-06
+7.00000E+00,+12.89355E+00,+460E-06
+7.02500E+00,+12.89368E+00,+460E-06
+7.05000E+00,+12.89354E+00,+460E-06
+7.07500E+00,+12.89352E+00,+460E-06
+7.10000E+00,+12.89336E+00,+470E-06
+7.12500E+00,+12.89352E+00,+480E-06
+7.15000E+00,+12.89332E+00,+460E-06
+7.17500E+00,+12.89336E+00,+450E-06
+7.20000E+00,+12.89321E+00,+460E-06
+7.22500E+00,+12.89303E+00,+460E-06
+7.25000E+00,+12.89313E+00,+460E-06
+7.27500E+00,+12.89303E+00,+460E-06
+7.30000E+00,+12.89287E+00,+460E-06
+7.32500E+00,+12.89287E+00,+460E-06
+7.35000E+00,+12.89303E+00,+450E-06
+7.37500E+00,+12.89287E+00,+460E-06
+7.40000E+00,+12.89287E+00,+460E-06
+7.42500E+00,+12.89295E+00,+460E-06
+7.45000E+00,+12.89287E+00,+460E-06
+7.47500E+00,+12.89284E+00,+450E-06
+7.50000E+00,+12.89270E+00,+480E-06
+7.52500E+00,+12.89284E+00,+460E-06
+7.55000E+00,+12.89265E+00,+470E-06
+7.57500E+00,+12.89246E+00,+460E-06
+7.60000E+00,+12.89248E+00,+470E-06
+7.62500E+00,+12.89238E+00,+470E-06
+7.65000E+00,+12.89221E+00,+480E-06
+7.67500E+00,+12.89221E+00,+460E-06
+7.70000E+00,+12.89238E+00,+470E-06
+7.72500E+00,+12.89221E+00,+480E-06
+7.75000E+00,+12.89215E+00,+460E-06
+7.77500E+00,+12.89209E+00,+460E-06
+7.80000E+00,+12.89221E+00,+470E-06
+7.82500E+00,+12.89220E+00,+460E-06
+7.85000E+00,+12.89209E+00,+460E-06
+7.87500E+00,+12.89205E+00,+470E-06
+7.90000E+00,+12.89172E+00,+460E-06
+7.92500E+00,+12.89189E+00,+470E-06
+7.95000E+00,+12.89189E+00,+460E-06
+7.97500E+00,+12.89189E+00,+450E-06
+8.00000E+00,+12.89172E+00,+460E-06
+8.02500E+00,+12.89183E+00,+460E-06
+8.05000E+00,+12.89189E+00,+440E-06
+8.07500E+00,+12.89184E+00,+450E-06
+8.10000E+00,+12.89172E+00,+470E-06
+8.12500E+00,+12.89156E+00,+460E-06
+8.15000E+00,+12.89159E+00,+470E-06
+8.17500E+00,+12.89129E+00,+450E-06
+8.20000E+00,+12.89148E+00,+470E-06
+8.22500E+00,+12.89140E+00,+470E-06
+8.25000E+00,+12.89123E+00,+460E-06
+8.27500E+00,+12.89124E+00,+460E-06
+8.30000E+00,+12.89140E+00,+460E-06
+8.32500E+00,+12.89140E+00,+450E-06
+8.35000E+00,+12.89123E+00,+460E-06
+8.37500E+00,+12.89140E+00,+460E-06
+8.40000E+00,+12.89107E+00,+460E-06
+8.42500E+00,+12.89091E+00,+460E-06
+8.45000E+00,+12.89091E+00,+460E-06
+8.47500E+00,+12.89107E+00,+460E-06
+8.50000E+00,+12.89097E+00,+460E-06
+8.52500E+00,+12.89091E+00,+470E-06
+8.55000E+00,+12.89107E+00,+460E-06
+8.57500E+00,+12.89091E+00,+460E-06
+8.60000E+00,+12.89074E+00,+460E-06
+8.62500E+00,+12.89074E+00,+460E-06
+8.65000E+00,+12.89080E+00,+460E-06
+8.67500E+00,+12.89074E+00,+450E-06
+8.70000E+00,+12.89058E+00,+450E-06
+8.72500E+00,+12.89072E+00,+460E-06
+8.75000E+00,+12.89042E+00,+460E-06
+8.77500E+00,+12.89042E+00,+460E-06
+8.80000E+00,+12.89037E+00,+460E-06
+8.82500E+00,+12.89042E+00,+470E-06
+8.85000E+00,+12.89036E+00,+460E-06
+8.87500E+00,+12.89042E+00,+450E-06
+8.90000E+00,+12.89042E+00,+460E-06
+8.92500E+00,+12.89025E+00,+470E-06
+8.95000E+00,+12.89025E+00,+460E-06
+8.97500E+00,+12.89042E+00,+460E-06
+9.00000E+00,+12.89035E+00,+460E-06
+9.02500E+00,+12.89022E+00,+460E-06
+9.05000E+00,+12.89025E+00,+460E-06
+9.07500E+00,+12.89009E+00,+460E-06
+9.10000E+00,+12.88993E+00,+450E-06
+9.12500E+00,+12.88993E+00,+460E-06
+9.15000E+00,+12.88993E+00,+460E-06
+9.17500E+00,+12.89005E+00,+460E-06
+9.20000E+00,+12.88976E+00,+460E-06
+9.22500E+00,+12.88993E+00,+480E-06
+9.25000E+00,+12.88976E+00,+450E-06
+9.27500E+00,+12.88993E+00,+450E-06
+9.30000E+00,+12.88993E+00,+470E-06
+9.32500E+00,+12.88993E+00,+460E-06
+9.35000E+00,+12.88976E+00,+460E-06
+9.37500E+00,+12.88960E+00,+450E-06
+9.40000E+00,+12.88974E+00,+470E-06
+9.42500E+00,+12.88944E+00,+470E-06
+9.45000E+00,+12.88944E+00,+460E-06
+9.47500E+00,+12.88954E+00,+460E-06
+9.50000E+00,+12.88947E+00,+470E-06
+9.52500E+00,+12.88960E+00,+460E-06
+9.55000E+00,+12.88944E+00,+450E-06
+9.57500E+00,+12.88960E+00,+460E-06
+9.60000E+00,+12.88944E+00,+470E-06
+9.62500E+00,+12.88937E+00,+460E-06
+9.65000E+00,+12.88940E+00,+460E-06
+9.67500E+00,+12.88943E+00,+460E-06
+9.70000E+00,+12.88911E+00,+460E-06
+9.72500E+00,+12.88907E+00,+470E-06
+9.75000E+00,+12.88911E+00,+470E-06
+9.77500E+00,+12.88895E+00,+460E-06
+9.80000E+00,+12.88907E+00,+470E-06
+9.82500E+00,+12.88909E+00,+460E-06
+9.85000E+00,+12.88911E+00,+460E-06
+9.87500E+00,+12.88882E+00,+450E-06
+9.90000E+00,+12.88889E+00,+450E-06
+9.92500E+00,+12.88887E+00,+460E-06
+9.95000E+00,+12.88879E+00,+460E-06
+9.97500E+00,+12.88865E+00,+450E-06
+10.00000E+00,+12.88879E+00,+460E-06
+10.02500E+00,+12.88879E+00,+470E-06
+10.05000E+00,+12.88879E+00,+450E-06
+10.07500E+00,+12.88887E+00,+460E-06
+10.10000E+00,+12.88873E+00,+460E-06
+10.12500E+00,+12.88875E+00,+470E-06
+10.15000E+00,+12.88862E+00,+480E-06
+10.17500E+00,+12.88862E+00,+450E-06
+10.20000E+00,+12.88846E+00,+470E-06
+10.22500E+00,+12.88830E+00,+470E-06
+10.25000E+00,+12.88846E+00,+460E-06
+10.27500E+00,+12.88862E+00,+450E-06
+10.30000E+00,+12.88846E+00,+460E-06
+10.32500E+00,+12.88846E+00,+470E-06
+10.35000E+00,+12.88830E+00,+470E-06
+10.37500E+00,+12.88830E+00,+450E-06
+10.40000E+00,+12.88830E+00,+460E-06
+10.42500E+00,+12.88841E+00,+460E-06
+10.45000E+00,+12.88815E+00,+460E-06
+10.47500E+00,+12.88814E+00,+450E-06
+10.50000E+00,+12.88823E+00,+460E-06
+10.52500E+00,+12.88813E+00,+460E-06
+10.55000E+00,+12.88805E+00,+450E-06
+10.57500E+00,+12.88786E+00,+450E-06
+10.60000E+00,+12.88799E+00,+460E-06
+10.62500E+00,+12.88797E+00,+460E-06
+10.65000E+00,+12.88781E+00,+460E-06
+10.67500E+00,+12.88781E+00,+450E-06
+10.70000E+00,+12.88781E+00,+460E-06
+10.72500E+00,+12.88781E+00,+460E-06
+10.75000E+00,+12.88781E+00,+460E-06
+10.77500E+00,+12.88780E+00,+460E-06
+10.80000E+00,+12.88764E+00,+470E-06
+10.82500E+00,+12.88748E+00,+460E-06
+10.85000E+00,+12.88748E+00,+470E-06
+10.87500E+00,+12.88748E+00,+460E-06
+10.90000E+00,+12.88748E+00,+470E-06
+10.92500E+00,+12.88748E+00,+470E-06
+10.95000E+00,+12.88733E+00,+460E-06
+10.97500E+00,+12.88732E+00,+450E-06
+11.00000E+00,+12.88732E+00,+460E-06
+11.02500E+00,+12.88732E+00,+470E-06
+11.05000E+00,+12.88720E+00,+470E-06
+11.07500E+00,+12.88715E+00,+450E-06
+11.10000E+00,+12.88731E+00,+460E-06
+11.12500E+00,+12.88702E+00,+460E-06
+11.15000E+00,+12.88699E+00,+460E-06
+11.17500E+00,+12.88699E+00,+460E-06
+11.20000E+00,+12.88726E+00,+460E-06
+11.22500E+00,+12.88701E+00,+480E-06
+11.25000E+00,+12.88699E+00,+460E-06
+11.27500E+00,+12.88715E+00,+460E-06
+11.30000E+00,+12.88699E+00,+470E-06
+11.32500E+00,+12.88699E+00,+460E-06
+11.35000E+00,+12.88688E+00,+460E-06
+11.37500E+00,+12.88696E+00,+470E-06
+11.40000E+00,+12.88683E+00,+460E-06
+11.42500E+00,+12.88683E+00,+470E-06
+11.45000E+00,+12.88703E+00,+470E-06
+11.47500E+00,+12.88683E+00,+460E-06
+11.50000E+00,+12.88683E+00,+470E-06
+11.52500E+00,+12.88666E+00,+460E-06
+11.55000E+00,+12.88681E+00,+460E-06
+11.57500E+00,+12.88650E+00,+460E-06
+11.60000E+00,+12.88650E+00,+460E-06
+11.62500E+00,+12.88683E+00,+460E-06
+11.65000E+00,+12.88666E+00,+460E-06
+11.67500E+00,+12.88645E+00,+450E-06
+11.70000E+00,+12.88650E+00,+460E-06
+11.72500E+00,+12.88666E+00,+480E-06
+11.75000E+00,+12.88647E+00,+470E-06
+11.77500E+00,+12.88644E+00,+460E-06
+11.80000E+00,+12.88642E+00,+460E-06
+11.82500E+00,+12.88639E+00,+460E-06
+11.85000E+00,+12.88634E+00,+460E-06
+11.87500E+00,+12.88634E+00,+450E-06
+11.90000E+00,+12.88650E+00,+460E-06
+11.92500E+00,+12.88639E+00,+470E-06
+11.95000E+00,+12.88626E+00,+460E-06
+11.97500E+00,+12.88628E+00,+460E-06
+12.00000E+00,+12.88617E+00,+460E-06
+12.02500E+00,+12.88602E+00,+460E-06
+12.05000E+00,+12.88601E+00,+460E-06
+12.07500E+00,+12.88601E+00,+460E-06
+12.10000E+00,+12.88592E+00,+460E-06
+12.12500E+00,+12.88601E+00,+460E-06
+12.15000E+00,+12.88601E+00,+460E-06
+12.17500E+00,+12.88601E+00,+460E-06
+12.20000E+00,+12.88585E+00,+460E-06
+12.22500E+00,+12.88613E+00,+460E-06
+12.25000E+00,+12.88601E+00,+470E-06
+12.27500E+00,+12.88585E+00,+460E-06
+12.30000E+00,+12.88601E+00,+460E-06
+12.32500E+00,+12.88585E+00,+460E-06
+12.35000E+00,+12.88585E+00,+450E-06
+12.37500E+00,+12.88571E+00,+450E-06
+12.40000E+00,+12.88579E+00,+460E-06
+12.42500E+00,+12.88568E+00,+460E-06
+12.45000E+00,+12.88579E+00,+460E-06
+12.47500E+00,+12.88585E+00,+450E-06
+12.50000E+00,+12.88552E+00,+460E-06
+12.52500E+00,+12.88552E+00,+460E-06
+12.55000E+00,+12.88541E+00,+450E-06
+12.57500E+00,+12.88543E+00,+460E-06
+12.60000E+00,+12.88536E+00,+470E-06
+12.62500E+00,+12.88522E+00,+460E-06
+12.65000E+00,+12.88536E+00,+470E-06
+12.67500E+00,+12.88536E+00,+460E-06
+12.70000E+00,+12.88519E+00,+460E-06
+12.72500E+00,+12.88519E+00,+460E-06
+12.75000E+00,+12.88519E+00,+460E-06
+12.77500E+00,+12.88515E+00,+450E-06
+12.80000E+00,+12.88521E+00,+450E-06
+12.82500E+00,+12.88552E+00,+460E-06
+12.85000E+00,+12.88519E+00,+450E-06
+12.87500E+00,+12.88503E+00,+450E-06
+12.90000E+00,+12.88503E+00,+460E-06
+12.92500E+00,+12.88503E+00,+460E-06
+12.95000E+00,+12.88503E+00,+450E-06
+12.97500E+00,+12.88487E+00,+450E-06
+13.00000E+00,+12.88490E+00,+460E-06
+13.02500E+00,+12.88487E+00,+460E-06
+13.05000E+00,+12.88487E+00,+450E-06
+13.07500E+00,+12.88492E+00,+450E-06
+13.10000E+00,+12.88503E+00,+460E-06
+13.12500E+00,+12.88470E+00,+480E-06
+13.15000E+00,+12.88487E+00,+450E-06
+13.17500E+00,+12.88475E+00,+460E-06
+13.20000E+00,+12.88470E+00,+460E-06
+13.22500E+00,+12.88470E+00,+460E-06
+13.25000E+00,+12.88470E+00,+460E-06
+13.27500E+00,+12.88454E+00,+450E-06
+13.30000E+00,+12.88454E+00,+460E-06
+13.32500E+00,+12.88470E+00,+450E-06
+13.35000E+00,+12.88463E+00,+460E-06
+13.37500E+00,+12.88454E+00,+460E-06
+13.40000E+00,+12.88438E+00,+450E-06
+13.42500E+00,+12.88454E+00,+450E-06
+13.45000E+00,+12.88454E+00,+450E-06
+13.47500E+00,+12.88425E+00,+450E-06
+13.50000E+00,+12.88447E+00,+460E-06
+13.52500E+00,+12.88438E+00,+460E-06
+13.55000E+00,+12.88421E+00,+460E-06
+13.57500E+00,+12.88423E+00,+440E-06
+13.60000E+00,+12.88438E+00,+460E-06
+13.62500E+00,+12.88421E+00,+460E-06
+13.65000E+00,+12.88405E+00,+450E-06
+13.67500E+00,+12.88438E+00,+450E-06
+13.70000E+00,+12.88426E+00,+450E-06
+13.72500E+00,+12.88421E+00,+460E-06
+13.75000E+00,+12.88421E+00,+450E-06
+13.77500E+00,+12.88438E+00,+460E-06
+13.80000E+00,+12.88421E+00,+460E-06
+13.82500E+00,+12.88405E+00,+460E-06
+13.85000E+00,+12.88421E+00,+450E-06
+13.87500E+00,+12.88408E+00,+450E-06
+13.90000E+00,+12.88405E+00,+450E-06
+13.92500E+00,+12.88405E+00,+460E-06
+13.95000E+00,+12.88405E+00,+450E-06
+13.97500E+00,+12.88379E+00,+450E-06
+14.00000E+00,+12.88382E+00,+450E-06
+14.02500E+00,+12.88385E+00,+460E-06
+14.05000E+00,+12.88374E+00,+450E-06
+14.07500E+00,+12.88389E+00,+450E-06
+14.10000E+00,+12.88385E+00,+450E-06
+14.12500E+00,+12.88389E+00,+460E-06
+14.15000E+00,+12.88381E+00,+450E-06
+14.17500E+00,+12.88372E+00,+440E-06
+14.20000E+00,+12.88372E+00,+460E-06
+14.22500E+00,+12.88372E+00,+460E-06
+14.25000E+00,+12.88356E+00,+450E-06
+14.27500E+00,+12.88356E+00,+450E-06
+14.30000E+00,+12.88356E+00,+450E-06
+14.32500E+00,+12.88367E+00,+470E-06
+14.35000E+00,+12.88345E+00,+450E-06
+14.37500E+00,+12.88356E+00,+450E-06
+14.40000E+00,+12.88340E+00,+460E-06
+14.42500E+00,+12.88356E+00,+460E-06
+14.45000E+00,+12.88348E+00,+450E-06
+14.47500E+00,+12.88340E+00,+450E-06
+14.50000E+00,+12.88340E+00,+450E-06
+14.52500E+00,+12.88340E+00,+460E-06
+14.55000E+00,+12.88340E+00,+460E-06
+14.57500E+00,+12.88311E+00,+450E-06
+14.60000E+00,+12.88323E+00,+460E-06
+14.62500E+00,+12.88317E+00,+460E-06
+14.65000E+00,+12.88307E+00,+450E-06
+14.67500E+00,+12.88307E+00,+440E-06
+14.70000E+00,+12.88323E+00,+450E-06
+14.72500E+00,+12.88319E+00,+460E-06
+14.75000E+00,+12.88317E+00,+450E-06
+14.77500E+00,+12.88316E+00,+460E-06
+14.80000E+00,+12.88335E+00,+460E-06
+14.82500E+00,+12.88321E+00,+450E-06
+14.85000E+00,+12.88291E+00,+450E-06
+14.87500E+00,+12.88307E+00,+450E-06
+14.90000E+00,+12.88301E+00,+460E-06
+14.92500E+00,+12.88307E+00,+450E-06
+14.95000E+00,+12.88291E+00,+450E-06
+14.97500E+00,+12.88307E+00,+450E-06
+15.00000E+00,+12.88291E+00,+450E-06
+15.02500E+00,+12.88291E+00,+450E-06
+15.05000E+00,+12.88307E+00,+450E-06
+15.07500E+00,+12.88291E+00,+460E-06
+15.10000E+00,+12.88291E+00,+460E-06
+15.12500E+00,+12.88274E+00,+450E-06
+15.15000E+00,+12.88275E+00,+450E-06
+15.17500E+00,+12.88274E+00,+440E-06
+15.20000E+00,+12.88274E+00,+460E-06
+15.22500E+00,+12.88274E+00,+460E-06
+15.25000E+00,+12.88284E+00,+450E-06
+15.27500E+00,+12.88262E+00,+450E-06
+15.30000E+00,+12.88274E+00,+460E-06
+15.32500E+00,+12.88259E+00,+460E-06
+15.35000E+00,+12.88262E+00,+460E-06
+15.37500E+00,+12.88258E+00,+450E-06
+15.40000E+00,+12.88267E+00,+460E-06
+15.42500E+00,+12.88253E+00,+460E-06
+15.45000E+00,+12.88258E+00,+450E-06
+15.47500E+00,+12.88274E+00,+450E-06
+15.50000E+00,+12.88261E+00,+450E-06
+15.52500E+00,+12.88231E+00,+450E-06
+15.55000E+00,+12.88233E+00,+450E-06
+15.57500E+00,+12.88242E+00,+450E-06
+15.60000E+00,+12.88242E+00,+450E-06
+15.62500E+00,+12.88242E+00,+460E-06
+15.65000E+00,+12.88239E+00,+460E-06
+15.67500E+00,+12.88225E+00,+440E-06
+15.70000E+00,+12.88225E+00,+460E-06
+15.72500E+00,+12.88225E+00,+450E-06
+15.75000E+00,+12.88229E+00,+450E-06
+15.77500E+00,+12.88225E+00,+450E-06
+15.80000E+00,+12.88225E+00,+460E-06
+15.82500E+00,+12.88221E+00,+460E-06
+15.85000E+00,+12.88216E+00,+460E-06
+15.87500E+00,+12.88219E+00,+440E-06
+15.90000E+00,+12.88225E+00,+460E-06
+15.92500E+00,+12.88209E+00,+460E-06
+15.95000E+00,+12.88209E+00,+450E-06
+15.97500E+00,+12.88209E+00,+450E-06
+16.00000E+00,+12.88209E+00,+450E-06
+16.02500E+00,+12.88209E+00,+450E-06
+16.05000E+00,+12.88204E+00,+450E-06
+16.07500E+00,+12.88211E+00,+440E-06
+16.10000E+00,+12.88193E+00,+460E-06
+16.12500E+00,+12.88193E+00,+450E-06
+16.15000E+00,+12.88198E+00,+460E-06
+16.17500E+00,+12.88193E+00,+450E-06
+16.20000E+00,+12.88187E+00,+450E-06
+16.22500E+00,+12.88176E+00,+460E-06
+16.25000E+00,+12.88193E+00,+450E-06
+16.27500E+00,+12.88176E+00,+450E-06
+16.30000E+00,+12.88193E+00,+470E-06
+16.32500E+00,+12.88176E+00,+470E-06
+16.35000E+00,+12.88176E+00,+450E-06
+16.37500E+00,+12.88176E+00,+450E-06
+16.40000E+00,+12.88161E+00,+460E-06
+16.42500E+00,+12.88176E+00,+450E-06
+16.45000E+00,+12.88172E+00,+450E-06
+16.47500E+00,+12.88160E+00,+460E-06
+16.50000E+00,+12.88160E+00,+460E-06
+16.52500E+00,+12.88172E+00,+460E-06
+16.55000E+00,+12.88160E+00,+460E-06
+16.57500E+00,+12.88160E+00,+460E-06
+16.60000E+00,+12.88176E+00,+460E-06
+16.62500E+00,+12.88160E+00,+460E-06
+16.65000E+00,+12.88144E+00,+460E-06
+16.67500E+00,+12.88144E+00,+450E-06
+16.70000E+00,+12.88144E+00,+450E-06
+16.72500E+00,+12.88144E+00,+460E-06
+16.75000E+00,+12.88127E+00,+450E-06
+16.77500E+00,+12.88160E+00,+450E-06
+16.80000E+00,+12.88136E+00,+460E-06
+16.82500E+00,+12.88111E+00,+460E-06
+16.85000E+00,+12.88114E+00,+450E-06
+16.87500E+00,+12.88127E+00,+450E-06
+16.90000E+00,+12.88127E+00,+460E-06
+16.92500E+00,+12.88116E+00,+450E-06
+16.95000E+00,+12.88127E+00,+450E-06
+16.97500E+00,+12.88127E+00,+450E-06
+17.00000E+00,+12.88127E+00,+450E-06
+17.02500E+00,+12.88112E+00,+450E-06
+17.05000E+00,+12.88127E+00,+450E-06
+17.07500E+00,+12.88111E+00,+440E-06
+17.10000E+00,+12.88127E+00,+450E-06
+17.12500E+00,+12.88121E+00,+450E-06
+17.15000E+00,+12.88127E+00,+450E-06
+17.17500E+00,+12.88111E+00,+450E-06
+17.20000E+00,+12.88111E+00,+460E-06
+17.22500E+00,+12.88107E+00,+450E-06
+17.25000E+00,+12.88101E+00,+440E-06
+17.27500E+00,+12.88102E+00,+440E-06
+17.30000E+00,+12.88099E+00,+450E-06
+17.32500E+00,+12.88095E+00,+450E-06
+17.35000E+00,+12.88095E+00,+450E-06
+17.37500E+00,+12.88095E+00,+450E-06
+17.40000E+00,+12.88100E+00,+460E-06
+17.42500E+00,+12.88078E+00,+460E-06
+17.45000E+00,+12.88095E+00,+450E-06
+17.47500E+00,+12.88078E+00,+450E-06
+17.50000E+00,+12.88078E+00,+460E-06
+17.52500E+00,+12.88065E+00,+450E-06
+17.55000E+00,+12.88067E+00,+440E-06
+17.57500E+00,+12.88078E+00,+440E-06
+17.60000E+00,+12.88062E+00,+450E-06
+17.62500E+00,+12.88082E+00,+440E-06
+17.65000E+00,+12.88078E+00,+440E-06
+17.67500E+00,+12.88095E+00,+450E-06
+17.70000E+00,+12.88090E+00,+460E-06
+17.72500E+00,+12.88078E+00,+450E-06
+17.75000E+00,+12.88072E+00,+450E-06
+17.77500E+00,+12.88062E+00,+440E-06
+17.80000E+00,+12.88078E+00,+450E-06
+17.82500E+00,+12.88047E+00,+450E-06
+17.85000E+00,+12.88046E+00,+440E-06
+17.87500E+00,+12.88046E+00,+450E-06
+17.90000E+00,+12.88053E+00,+450E-06
+17.92500E+00,+12.88062E+00,+460E-06
+17.95000E+00,+12.88060E+00,+450E-06
+17.97500E+00,+12.88062E+00,+450E-06
+18.00000E+00,+12.88046E+00,+460E-06
+18.02500E+00,+12.88035E+00,+460E-06
+18.05000E+00,+12.88029E+00,+440E-06
+18.07500E+00,+12.88034E+00,+440E-06
+18.10000E+00,+12.88043E+00,+450E-06
+18.12500E+00,+12.88029E+00,+450E-06
+18.15000E+00,+12.88046E+00,+440E-06
+18.17500E+00,+12.88029E+00,+450E-06
+18.20000E+00,+12.88029E+00,+440E-06
+18.22500E+00,+12.88029E+00,+450E-06
+18.25000E+00,+12.88042E+00,+450E-06
+18.27500E+00,+12.88045E+00,+450E-06
+18.30000E+00,+12.88029E+00,+450E-06
+18.32500E+00,+12.88034E+00,+440E-06
+18.35000E+00,+12.88022E+00,+450E-06
+18.37500E+00,+12.88023E+00,+450E-06
+18.40000E+00,+12.88029E+00,+450E-06
+18.42500E+00,+12.88028E+00,+450E-06
+18.45000E+00,+12.88013E+00,+440E-06
+18.47500E+00,+12.88042E+00,+450E-06
+18.50000E+00,+12.88026E+00,+460E-06
+18.52500E+00,+12.88013E+00,+450E-06
+18.55000E+00,+12.88013E+00,+450E-06
+18.57500E+00,+12.88013E+00,+450E-06
+18.60000E+00,+12.88013E+00,+450E-06
+18.62500E+00,+12.88000E+00,+460E-06
+18.65000E+00,+12.88013E+00,+440E-06
+18.67500E+00,+12.87997E+00,+440E-06
+18.70000E+00,+12.88002E+00,+450E-06
+18.72500E+00,+12.88010E+00,+450E-06
+18.75000E+00,+12.87997E+00,+450E-06
+18.77500E+00,+12.87997E+00,+450E-06
+18.80000E+00,+12.87980E+00,+450E-06
+18.82500E+00,+12.87997E+00,+440E-06
+18.85000E+00,+12.87986E+00,+450E-06
+18.87500E+00,+12.87997E+00,+450E-06
+18.90000E+00,+12.87980E+00,+450E-06
+18.92500E+00,+12.87997E+00,+450E-06
+18.95000E+00,+12.87997E+00,+440E-06
+18.97500E+00,+12.87980E+00,+450E-06
+19.00000E+00,+12.87980E+00,+440E-06
+19.02500E+00,+12.87964E+00,+450E-06
+19.05000E+00,+12.87964E+00,+440E-06
+19.07500E+00,+12.87964E+00,+450E-06
+19.10000E+00,+12.87976E+00,+460E-06
+19.12500E+00,+12.87970E+00,+460E-06
+19.15000E+00,+12.87957E+00,+450E-06
+19.17500E+00,+12.87969E+00,+450E-06
+19.20000E+00,+12.87964E+00,+450E-06
+19.22500E+00,+12.87963E+00,+450E-06
+19.25000E+00,+12.87948E+00,+440E-06
+19.27500E+00,+12.87948E+00,+450E-06
+19.30000E+00,+12.87948E+00,+460E-06
+19.32500E+00,+12.87948E+00,+460E-06
+19.35000E+00,+12.87961E+00,+450E-06
+19.37500E+00,+12.87931E+00,+450E-06
+19.40000E+00,+12.87948E+00,+460E-06
+19.42500E+00,+12.87948E+00,+450E-06
+19.45000E+00,+12.87948E+00,+460E-06
+19.47500E+00,+12.87948E+00,+450E-06
+19.50000E+00,+12.87918E+00,+460E-06
+19.52500E+00,+12.87948E+00,+450E-06
+19.55000E+00,+12.87933E+00,+440E-06
+19.57500E+00,+12.87915E+00,+450E-06
+19.60000E+00,+12.87915E+00,+460E-06
+19.62500E+00,+12.87915E+00,+460E-06
+19.65000E+00,+12.87919E+00,+450E-06
+19.67500E+00,+12.87915E+00,+450E-06
+19.70000E+00,+12.87946E+00,+450E-06
+19.72500E+00,+12.87915E+00,+450E-06
+19.75000E+00,+12.87921E+00,+450E-06
+19.77500E+00,+12.87899E+00,+440E-06
+19.80000E+00,+12.87927E+00,+460E-06
+19.82500E+00,+12.87913E+00,+460E-06
+19.85000E+00,+12.87899E+00,+440E-06
+19.87500E+00,+12.87931E+00,+450E-06
+19.90000E+00,+12.87915E+00,+460E-06
+19.92500E+00,+12.87923E+00,+460E-06
+19.95000E+00,+12.87936E+00,+450E-06
+19.97500E+00,+12.87934E+00,+450E-06
+20.00000E+00,+12.87915E+00,+460E-06
+20.02500E+00,+12.87901E+00,+450E-06
+20.05000E+00,+12.87904E+00,+450E-06
+20.07500E+00,+12.87915E+00,+450E-06
+20.10000E+00,+12.87899E+00,+450E-06
+20.12500E+00,+12.87899E+00,+460E-06
+20.15000E+00,+12.87898E+00,+440E-06
+20.17500E+00,+12.87882E+00,+440E-06
+20.20000E+00,+12.87906E+00,+460E-06
+20.22500E+00,+12.87899E+00,+450E-06
+20.25000E+00,+12.87882E+00,+450E-06
+20.27500E+00,+12.87882E+00,+450E-06
+20.30000E+00,+12.87882E+00,+460E-06
+20.32500E+00,+12.87867E+00,+450E-06
+20.35000E+00,+12.87854E+00,+440E-06
+20.37500E+00,+12.87866E+00,+450E-06
+20.40000E+00,+12.87875E+00,+450E-06
+20.42500E+00,+12.87861E+00,+460E-06
+20.45000E+00,+12.87866E+00,+450E-06
+20.47500E+00,+12.87866E+00,+450E-06
+20.50000E+00,+12.87866E+00,+460E-06
+20.52500E+00,+12.87866E+00,+460E-06
+20.55000E+00,+12.87874E+00,+450E-06
+20.57500E+00,+12.87866E+00,+450E-06
+20.60000E+00,+12.87863E+00,+460E-06
+20.62500E+00,+12.87850E+00,+460E-06
+20.65000E+00,+12.87866E+00,+450E-06
+20.67500E+00,+12.87833E+00,+450E-06
+20.70000E+00,+12.87833E+00,+450E-06
+20.72500E+00,+12.87850E+00,+460E-06
+20.75000E+00,+12.87850E+00,+450E-06
+20.77500E+00,+12.87850E+00,+450E-06
+20.80000E+00,+12.87850E+00,+460E-06
+20.82500E+00,+12.87850E+00,+450E-06
+20.85000E+00,+12.87866E+00,+450E-06
+20.87500E+00,+12.87866E+00,+460E-06
+20.90000E+00,+12.87866E+00,+450E-06
+20.92500E+00,+12.87865E+00,+460E-06
+20.95000E+00,+12.87850E+00,+450E-06
+20.97500E+00,+12.87850E+00,+450E-06
+21.00000E+00,+12.87833E+00,+450E-06
+21.02500E+00,+12.87842E+00,+460E-06
+21.05000E+00,+12.87805E+00,+450E-06
+21.07500E+00,+12.87819E+00,+450E-06
+21.10000E+00,+12.87833E+00,+460E-06
+21.12500E+00,+12.87833E+00,+460E-06
+21.15000E+00,+12.87823E+00,+450E-06
+21.17500E+00,+12.87833E+00,+460E-06
+21.20000E+00,+12.87817E+00,+450E-06
+21.22500E+00,+12.87801E+00,+450E-06
+21.25000E+00,+12.87833E+00,+440E-06
+21.27500E+00,+12.87833E+00,+460E-06
+21.30000E+00,+12.87828E+00,+450E-06
+21.32500E+00,+12.87817E+00,+460E-06
+21.35000E+00,+12.87817E+00,+450E-06
+21.37500E+00,+12.87817E+00,+450E-06
+21.40000E+00,+12.87817E+00,+460E-06
+21.42500E+00,+12.87833E+00,+450E-06
+21.45000E+00,+12.87822E+00,+450E-06
+21.47500E+00,+12.87833E+00,+450E-06
+21.50000E+00,+12.87827E+00,+450E-06
+21.52500E+00,+12.87817E+00,+460E-06
+21.55000E+00,+12.87817E+00,+450E-06
+21.57500E+00,+12.87801E+00,+450E-06
+21.60000E+00,+12.87817E+00,+450E-06
+21.62500E+00,+12.87807E+00,+460E-06
+21.65000E+00,+12.87810E+00,+450E-06
+21.67500E+00,+12.87801E+00,+450E-06
+21.70000E+00,+12.87817E+00,+450E-06
+21.72500E+00,+12.87817E+00,+450E-06
+21.75000E+00,+12.87801E+00,+450E-06
+21.77500E+00,+12.87811E+00,+450E-06
+21.80000E+00,+12.87801E+00,+450E-06
+21.82500E+00,+12.87784E+00,+460E-06
+21.85000E+00,+12.87784E+00,+440E-06
+21.87500E+00,+12.87784E+00,+440E-06
+21.90000E+00,+12.87771E+00,+460E-06
+21.92500E+00,+12.87768E+00,+450E-06
+21.95000E+00,+12.87776E+00,+440E-06
+21.97500E+00,+12.87778E+00,+450E-06
+22.00000E+00,+12.87781E+00,+450E-06
+22.02500E+00,+12.87768E+00,+460E-06
+22.05000E+00,+12.87768E+00,+450E-06
+22.07500E+00,+12.87768E+00,+460E-06
+22.10000E+00,+12.87752E+00,+460E-06
+22.12500E+00,+12.87761E+00,+450E-06
+22.15000E+00,+12.87764E+00,+440E-06
+22.17500E+00,+12.87768E+00,+450E-06
+22.20000E+00,+12.87767E+00,+450E-06
+22.22500E+00,+12.87768E+00,+450E-06
+22.25000E+00,+12.87761E+00,+440E-06
+22.27500E+00,+12.87768E+00,+440E-06
+22.30000E+00,+12.87763E+00,+450E-06
+22.32500E+00,+12.87752E+00,+440E-06
+22.35000E+00,+12.87752E+00,+440E-06
+22.37500E+00,+12.87781E+00,+450E-06
+22.40000E+00,+12.87768E+00,+450E-06
+22.42500E+00,+12.87752E+00,+460E-06
+22.45000E+00,+12.87757E+00,+450E-06
+22.47500E+00,+12.87752E+00,+450E-06
+22.50000E+00,+12.87752E+00,+460E-06
+22.52500E+00,+12.87749E+00,+450E-06
+22.55000E+00,+12.87752E+00,+440E-06
+22.57500E+00,+12.87768E+00,+450E-06
+22.60000E+00,+12.87752E+00,+460E-06
+22.62500E+00,+12.87739E+00,+460E-06
+22.65000E+00,+12.87751E+00,+450E-06
+22.67500E+00,+12.87735E+00,+450E-06
+22.70000E+00,+12.87735E+00,+460E-06
+22.72500E+00,+12.87735E+00,+440E-06
+22.75000E+00,+12.87742E+00,+450E-06
+22.77500E+00,+12.87731E+00,+450E-06
+22.80000E+00,+12.87752E+00,+460E-06
+22.82500E+00,+12.87735E+00,+460E-06
+22.85000E+00,+12.87735E+00,+450E-06
+22.87500E+00,+12.87719E+00,+450E-06
+22.90000E+00,+12.87726E+00,+450E-06
+22.92500E+00,+12.87724E+00,+460E-06
+22.95000E+00,+12.87721E+00,+450E-06
+22.97500E+00,+12.87751E+00,+450E-06
+23.00000E+00,+12.87732E+00,+460E-06
+23.02500E+00,+12.87719E+00,+450E-06
+23.05000E+00,+12.87710E+00,+450E-06
+23.07500E+00,+12.87719E+00,+440E-06
+23.10000E+00,+12.87722E+00,+450E-06
+23.12500E+00,+12.87703E+00,+440E-06
+23.15000E+00,+12.87719E+00,+440E-06
+23.17500E+00,+12.87708E+00,+450E-06
+23.20000E+00,+12.87710E+00,+450E-06
+23.22500E+00,+12.87703E+00,+450E-06
+23.25000E+00,+12.87719E+00,+440E-06
+23.27500E+00,+12.87719E+00,+440E-06
+23.30000E+00,+12.87703E+00,+450E-06
+23.32500E+00,+12.87714E+00,+440E-06
+23.35000E+00,+12.87695E+00,+440E-06
+23.37500E+00,+12.87709E+00,+440E-06
+23.40000E+00,+12.87719E+00,+450E-06
+23.42500E+00,+12.87718E+00,+460E-06
+23.45000E+00,+12.87686E+00,+440E-06
+23.47500E+00,+12.87686E+00,+450E-06
+23.50000E+00,+12.87703E+00,+450E-06
+23.52500E+00,+12.87695E+00,+450E-06
+23.55000E+00,+12.87703E+00,+450E-06
+23.57500E+00,+12.87686E+00,+450E-06
+23.60000E+00,+12.87686E+00,+450E-06
+23.62500E+00,+12.87670E+00,+450E-06
+23.65000E+00,+12.87670E+00,+440E-06
+23.67500E+00,+12.87703E+00,+440E-06
+23.70000E+00,+12.87675E+00,+450E-06
+23.72500E+00,+12.87686E+00,+450E-06
+23.75000E+00,+12.87686E+00,+440E-06
+23.77500E+00,+12.87686E+00,+450E-06
+23.80000E+00,+12.87686E+00,+460E-06
+23.82500E+00,+12.87703E+00,+450E-06
+23.85000E+00,+12.87697E+00,+460E-06
+23.87500E+00,+12.87683E+00,+450E-06
+23.90000E+00,+12.87686E+00,+460E-06
+23.92500E+00,+12.87701E+00,+450E-06
+23.95000E+00,+12.87686E+00,+440E-06
+23.97500E+00,+12.87679E+00,+450E-06
+24.00000E+00,+12.87670E+00,+460E-06
+24.02500E+00,+12.87686E+00,+450E-06
+24.05000E+00,+12.87670E+00,+440E-06
+24.07500E+00,+12.87670E+00,+450E-06
+24.10000E+00,+12.87670E+00,+450E-06
+24.12500E+00,+12.87670E+00,+450E-06
+24.15000E+00,+12.87661E+00,+450E-06
+24.17500E+00,+12.87658E+00,+450E-06
+24.20000E+00,+12.87670E+00,+450E-06
+24.22500E+00,+12.87654E+00,+450E-06
+24.25000E+00,+12.87654E+00,+440E-06
+24.27500E+00,+12.87648E+00,+450E-06
+24.30000E+00,+12.87654E+00,+450E-06
+24.32500E+00,+12.87654E+00,+450E-06
+24.35000E+00,+12.87654E+00,+450E-06
+24.37500E+00,+12.87654E+00,+450E-06
+24.40000E+00,+12.87654E+00,+450E-06
+24.42500E+00,+12.87637E+00,+450E-06
+24.45000E+00,+12.87654E+00,+450E-06
+24.47500E+00,+12.87654E+00,+440E-06
+24.50000E+00,+12.87654E+00,+450E-06
+24.52500E+00,+12.87654E+00,+450E-06
+24.55000E+00,+12.87654E+00,+440E-06
+24.57500E+00,+12.87654E+00,+460E-06
+24.60000E+00,+12.87679E+00,+470E-06
+24.62500E+00,+12.87670E+00,+460E-06
+24.65000E+00,+12.87654E+00,+450E-06
+24.67500E+00,+12.87637E+00,+450E-06
+24.70000E+00,+12.87636E+00,+460E-06
+24.72500E+00,+12.87641E+00,+460E-06
+24.75000E+00,+12.87637E+00,+450E-06
+24.77500E+00,+12.87614E+00,+450E-06
+24.80000E+00,+12.87609E+00,+450E-06
+24.82500E+00,+12.87623E+00,+460E-06
+24.85000E+00,+12.87637E+00,+440E-06
+24.87500E+00,+12.87654E+00,+450E-06
+24.90000E+00,+12.87643E+00,+460E-06
+24.92500E+00,+12.87629E+00,+460E-06
+24.95000E+00,+12.87621E+00,+450E-06
+24.97500E+00,+12.87624E+00,+440E-06