x-axis,1,2
second,Volt,Volt
-24.99980E+00,+12.93217E+00,+260E-06
-24.97480E+00,+12.93238E+00,+270E-06
-24.94980E+00,+12.93216E+00,+270E-06
-24.92480E+00,+12.93205E+00,+280E-06
-24.89980E+00,+12.93209E+00,+280E-06
-24.87480E+00,+12.93202E+00,+260E-06
-24.84980E+00,+12.93193E+00,+250E-06
-24.82480E+00,+12.93216E+00,+250E-06
-24.79980E+00,+12.93207E+00,+260E-06
-24.77480E+00,+12.93205E+00,+250E-06
-24.74980E+00,+12.93227E+00,+260E-06
-24.72480E+00,+12.93230E+00,+260E-06
-24.69980E+00,+12.93226E+00,+280E-06
-24.67480E+00,+12.93228E+00,+280E-06
-24.64980E+00,+12.93218E+00,+280E-06
-24.62480E+00,+12.93209E+00,+260E-06
-24.59980E+00,+12.93216E+00,+260E-06
-24.57480E+00,+12.93245E+00,+260E-06
-24.54980E+00,+12.93293E+00,+270E-06
-24.52480E+00,+12.93250E+00,+260E-06
-24.49980E+00,+12.93246E+00,+260E-06
-24.47480E+00,+12.93242E+00,+260E-06
-24.44980E+00,+12.93227E+00,+270E-06
-24.42480E+00,+12.93227E+00,+250E-06
-24.39980E+00,+12.93218E+00,+250E-06
-24.37480E+00,+12.93227E+00,+280E-06
-24.34980E+00,+12.93227E+00,+270E-06
-24.32480E+00,+12.93238E+00,+280E-06
-24.29980E+00,+12.93226E+00,+270E-06
-24.27480E+00,+12.93234E+00,+270E-06
-24.24980E+00,+12.93230E+00,+250E-06
-24.22480E+00,+12.93261E+00,+250E-06
-24.19980E+00,+12.93238E+00,+260E-06
-24.17480E+00,+12.93227E+00,+260E-06
-24.14980E+00,+12.93216E+00,+280E-06
-24.12480E+00,+12.93209E+00,+280E-06
-24.09980E+00,+12.93227E+00,+280E-06
-24.07480E+00,+12.93238E+00,+280E-06
-24.04980E+00,+12.93249E+00,+260E-06
-24.02480E+00,+12.93270E+00,+270E-06
-23.99980E+00,+12.93295E+00,+270E-06
-23.97480E+00,+12.93272E+00,+280E-06
-23.94980E+00,+12.93261E+00,+280E-06
-23.92480E+00,+12.93250E+00,+280E-06
-23.89980E+00,+12.93261E+00,+280E-06
-23.87480E+00,+12.93308E+00,+290E-06
-23.84980E+00,+12.93265E+00,+290E-06
-23.82480E+00,+12.93244E+00,+290E-06
-23.79980E+00,+12.93223E+00,+280E-06
-23.77480E+00,+12.93193E+00,+280E-06
-23.74980E+00,+12.93194E+00,+280E-06
-23.72480E+00,+12.93214E+00,+280E-06
-23.69980E+00,+12.93196E+00,+290E-06
-23.67480E+00,+12.93205E+00,+280E-06
-23.64980E+00,+12.93205E+00,+270E-06
-23.62480E+00,+12.93238E+00,+270E-06
-23.59980E+00,+12.93216E+00,+280E-06
-23.57480E+00,+12.93229E+00,+280E-06
-23.54980E+00,+12.93224E+00,+260E-06
-23.52480E+00,+12.93229E+00,+260E-06
-23.49980E+00,+12.93222E+00,+260E-06
-23.47480E+00,+12.93199E+00,+260E-06
-23.44980E+00,+12.93250E+00,+280E-06
-23.42480E+00,+12.93238E+00,+260E-06
-23.39980E+00,+12.93216E+00,+270E-06
-23.37480E+00,+12.93212E+00,+280E-06
-23.34980E+00,+12.93238E+00,+280E-06
-23.32480E+00,+12.93216E+00,+280E-06
-23.29980E+00,+12.93212E+00,+280E-06
-23.27480E+00,+12.93216E+00,+280E-06
-23.24980E+00,+12.93225E+00,+280E-06
-23.22480E+00,+12.93227E+00,+280E-06
-23.19980E+00,+12.93227E+00,+260E-06
-23.17480E+00,+12.93220E+00,+290E-06
-23.14980E+00,+12.93227E+00,+270E-06
-23.12480E+00,+12.93227E+00,+260E-06
-23.09980E+00,+12.93217E+00,+280E-06
-23.07480E+00,+12.93277E+00,+270E-06
-23.04980E+00,+12.93277E+00,+290E-06
-23.02480E+00,+12.93238E+00,+280E-06
-22.99980E+00,+12.93216E+00,+270E-06
-22.97480E+00,+12.93205E+00,+260E-06
-22.94980E+00,+12.93194E+00,+280E-06
-22.92480E+00,+12.93202E+00,+280E-06
-22.89980E+00,+12.93223E+00,+260E-06
-22.87480E+00,+12.93240E+00,+280E-06
-22.84980E+00,+12.93205E+00,+260E-06
-22.82480E+00,+12.93194E+00,+270E-06
-22.79980E+00,+12.93237E+00,+260E-06
-22.77480E+00,+12.93230E+00,+270E-06
-22.74980E+00,+12.93272E+00,+280E-06
-22.72480E+00,+12.93261E+00,+280E-06
-22.69980E+00,+12.93238E+00,+280E-06
-22.67480E+00,+12.93229E+00,+280E-06
-22.64980E+00,+12.93238E+00,+260E-06
-22.62480E+00,+12.93229E+00,+280E-06
-22.59980E+00,+12.93220E+00,+280E-06
-22.57480E+00,+12.93222E+00,+260E-06
-22.54980E+00,+12.93231E+00,+260E-06
-22.52480E+00,+12.93223E+00,+270E-06
-22.49980E+00,+12.93204E+00,+280E-06
-22.47480E+00,+12.93214E+00,+260E-06
-22.44980E+00,+12.93242E+00,+260E-06
-22.42480E+00,+12.93238E+00,+280E-06
-22.39980E+00,+12.93227E+00,+280E-06
-22.37480E+00,+12.93227E+00,+280E-06
-22.34980E+00,+12.93227E+00,+280E-06
-22.32480E+00,+12.93205E+00,+260E-06
-22.29980E+00,+12.93207E+00,+270E-06
-22.27480E+00,+12.93256E+00,+250E-06
-22.24980E+00,+12.93279E+00,+280E-06
-22.22480E+00,+12.93216E+00,+260E-06
-22.19980E+00,+12.93203E+00,+280E-06
-22.17480E+00,+12.93182E+00,+260E-06
-22.14980E+00,+12.93216E+00,+270E-06
-22.12480E+00,+12.93227E+00,+280E-06
-22.09980E+00,+12.93226E+00,+280E-06
-22.07480E+00,+12.93235E+00,+280E-06
-22.04980E+00,+12.93227E+00,+270E-06
-22.02480E+00,+12.93216E+00,+250E-06
-21.99980E+00,+12.93214E+00,+260E-06
-21.97480E+00,+12.93212E+00,+270E-06
-21.94980E+00,+12.93210E+00,+260E-06
-21.92480E+00,+12.93242E+00,+270E-06
-21.89980E+00,+12.93248E+00,+280E-06
-21.87480E+00,+12.93216E+00,+260E-06
-21.84980E+00,+12.93206E+00,+260E-06
-21.82480E+00,+12.93227E+00,+280E-06
-21.79980E+00,+12.93227E+00,+270E-06
-21.77480E+00,+12.93220E+00,+280E-06
-21.74980E+00,+12.93225E+00,+290E-06
-21.72480E+00,+12.93216E+00,+280E-06
-21.69980E+00,+12.93251E+00,+280E-06
-21.67480E+00,+12.93227E+00,+270E-06
-21.64980E+00,+12.93254E+00,+280E-06
-21.62480E+00,+12.93221E+00,+270E-06
-21.59980E+00,+12.93227E+00,+280E-06
-21.57480E+00,+12.93216E+00,+280E-06
-21.54980E+00,+12.93204E+00,+280E-06
-21.52480E+00,+12.93216E+00,+260E-06
-21.49980E+00,+12.93216E+00,+280E-06
-21.47480E+00,+12.93227E+00,+280E-06
-21.44980E+00,+12.93219E+00,+270E-06
-21.42480E+00,+12.93225E+00,+300E-06
-21.39980E+00,+12.93205E+00,+280E-06
-21.37480E+00,+12.93240E+00,+290E-06
-21.34980E+00,+12.93238E+00,+290E-06
-21.32480E+00,+12.93227E+00,+270E-06
-21.29980E+00,+12.93227E+00,+270E-06
-21.27480E+00,+12.93209E+00,+260E-06
-21.24980E+00,+12.93227E+00,+250E-06
-21.22480E+00,+12.93216E+00,+260E-06
-21.19980E+00,+12.93188E+00,+270E-06
-21.17480E+00,+12.93206E+00,+260E-06
-21.14980E+00,+12.93232E+00,+280E-06
-21.12480E+00,+12.93216E+00,+270E-06
-21.09980E+00,+12.93205E+00,+260E-06
-21.07480E+00,+12.93217E+00,+280E-06
-21.04980E+00,+12.93224E+00,+270E-06
-21.02480E+00,+12.93238E+00,+270E-06
-20.99980E+00,+12.93272E+00,+290E-06
-20.97480E+00,+12.93238E+00,+280E-06
-20.94980E+00,+12.93216E+00,+280E-06
-20.92480E+00,+12.93227E+00,+260E-06
-20.89980E+00,+12.93218E+00,+280E-06
-20.87480E+00,+12.93227E+00,+270E-06
-20.84980E+00,+12.93227E+00,+280E-06
-20.82480E+00,+12.93231E+00,+280E-06
-20.79980E+00,+12.93225E+00,+280E-06
-20.77480E+00,+12.93205E+00,+280E-06
-20.74980E+00,+12.93216E+00,+280E-06
-20.72480E+00,+12.93216E+00,+260E-06
-20.69980E+00,+12.93238E+00,+270E-06
-20.67480E+00,+12.93265E+00,+270E-06
-20.64980E+00,+12.93272E+00,+290E-06
-20.62480E+00,+12.93249E+00,+290E-06
-20.59980E+00,+12.93216E+00,+280E-06
-20.57480E+00,+12.93216E+00,+280E-06
-20.54980E+00,+12.93222E+00,+290E-06
-20.52480E+00,+12.93213E+00,+290E-06
-20.49980E+00,+12.93261E+00,+280E-06
-20.47480E+00,+12.93239E+00,+290E-06
-20.44980E+00,+12.93238E+00,+290E-06
-20.42480E+00,+12.93219E+00,+270E-06
-20.39980E+00,+12.93216E+00,+280E-06
-20.37480E+00,+12.93234E+00,+280E-06
-20.34980E+00,+12.93219E+00,+290E-06
-20.32480E+00,+12.93226E+00,+280E-06
-20.29980E+00,+12.93215E+00,+280E-06
-20.27480E+00,+12.93238E+00,+270E-06
-20.24980E+00,+12.93257E+00,+270E-06
-20.22480E+00,+12.93250E+00,+280E-06
-20.19980E+00,+12.93227E+00,+280E-06
-20.17480E+00,+12.93218E+00,+260E-06
-20.14980E+00,+12.93238E+00,+260E-06
-20.12480E+00,+12.93248E+00,+260E-06
-20.09980E+00,+12.93246E+00,+290E-06
-20.07480E+00,+12.93244E+00,+280E-06
-20.04980E+00,+12.93250E+00,+280E-06
-20.02480E+00,+12.93236E+00,+290E-06
-19.99980E+00,+12.93205E+00,+260E-06
-19.97480E+00,+12.93236E+00,+260E-06
-19.94980E+00,+12.92666E+00,+950E-06
-19.92480E+00,+12.81509E+00,+12.93E-03
-19.89980E+00,+12.74743E+00,+19.74E-03
-19.87480E+00,+12.73282E+00,+20.95E-03
-19.84980E+00,+12.72916E+00,+21.21E-03
-19.82480E+00,+12.72686E+00,+21.25E-03
-19.79980E+00,+12.72522E+00,+21.26E-03
-19.77480E+00,+12.72403E+00,+21.26E-03
-19.74980E+00,+12.72294E+00,+21.26E-03
-19.72480E+00,+12.72225E+00,+21.27E-03
-19.69980E+00,+12.72127E+00,+21.27E-03
-19.67480E+00,+12.72040E+00,+21.26E-03
-19.64980E+00,+12.71953E+00,+21.26E-03
-19.62480E+00,+12.71907E+00,+21.27E-03
-19.59980E+00,+12.71841E+00,+21.26E-03
-19.57480E+00,+12.71775E+00,+21.27E-03
-19.54980E+00,+12.71685E+00,+21.28E-03
-19.52480E+00,+12.71587E+00,+21.26E-03
-19.49980E+00,+12.71543E+00,+21.25E-03
-19.47480E+00,+12.71492E+00,+21.25E-03
-19.44980E+00,+12.71439E+00,+21.26E-03
-19.42480E+00,+12.71394E+00,+21.26E-03
-19.39980E+00,+12.71358E+00,+21.24E-03
-19.37480E+00,+12.71314E+00,+21.26E-03
-19.34980E+00,+12.71239E+00,+21.26E-03
-19.32480E+00,+12.71233E+00,+21.26E-03
-19.29980E+00,+12.71173E+00,+21.28E-03
-19.27480E+00,+12.71130E+00,+21.28E-03
-19.24980E+00,+12.71075E+00,+21.26E-03
-19.22480E+00,+12.71043E+00,+21.24E-03
-19.19980E+00,+12.71001E+00,+21.26E-03
-19.17480E+00,+12.70948E+00,+21.26E-03
-19.14980E+00,+12.70906E+00,+21.26E-03
-19.12480E+00,+12.70853E+00,+21.26E-03
-19.09980E+00,+12.70800E+00,+21.25E-03
-19.07480E+00,+12.70772E+00,+21.24E-03
-19.04980E+00,+12.70740E+00,+21.24E-03
-19.02480E+00,+12.70727E+00,+21.24E-03
-18.99980E+00,+12.70679E+00,+21.26E-03
-18.97480E+00,+12.70642E+00,+21.24E-03
-18.94980E+00,+12.70599E+00,+21.26E-03
-18.92480E+00,+12.70567E+00,+21.26E-03
-18.89980E+00,+12.70513E+00,+21.24E-03
-18.87480E+00,+12.70469E+00,+21.24E-03
-18.84980E+00,+12.70467E+00,+21.24E-03
-18.82480E+00,+12.70427E+00,+21.24E-03
-18.79980E+00,+12.70384E+00,+21.24E-03
-18.77480E+00,+12.70341E+00,+21.24E-03
-18.74980E+00,+12.70308E+00,+21.24E-03
-18.72480E+00,+12.70276E+00,+21.24E-03
-18.69980E+00,+12.70230E+00,+21.24E-03
-18.67480E+00,+12.70201E+00,+21.25E-03
-18.64980E+00,+12.70178E+00,+21.23E-03
-18.62480E+00,+12.70213E+00,+21.26E-03
-18.59980E+00,+12.70173E+00,+21.26E-03
-18.57480E+00,+12.70130E+00,+21.26E-03
-18.54980E+00,+12.70091E+00,+21.26E-03
-18.52480E+00,+12.70065E+00,+21.25E-03
-18.49980E+00,+12.70037E+00,+21.24E-03
-18.47480E+00,+12.69997E+00,+21.24E-03
-18.44980E+00,+12.69968E+00,+21.23E-03
-18.42480E+00,+12.69947E+00,+21.26E-03
-18.39980E+00,+12.69936E+00,+21.24E-03
-18.37480E+00,+12.69906E+00,+21.26E-03
-18.34980E+00,+12.69857E+00,+21.24E-03
-18.32480E+00,+12.69834E+00,+21.25E-03
-18.29980E+00,+12.69810E+00,+21.27E-03
-18.27480E+00,+12.69789E+00,+21.23E-03
-18.24980E+00,+12.69777E+00,+21.24E-03
-18.22480E+00,+12.69743E+00,+21.25E-03
-18.19980E+00,+12.69710E+00,+21.24E-03
-18.17480E+00,+12.69672E+00,+21.24E-03
-18.14980E+00,+12.69710E+00,+21.24E-03
-18.12480E+00,+12.69676E+00,+21.23E-03
-18.09980E+00,+12.69666E+00,+21.24E-03
-18.07480E+00,+12.69622E+00,+21.24E-03
-18.04980E+00,+12.69590E+00,+21.24E-03
-18.02480E+00,+12.69558E+00,+21.24E-03
-17.99980E+00,+12.69503E+00,+21.24E-03
-17.97480E+00,+12.69495E+00,+21.24E-03
-17.94980E+00,+12.69473E+00,+21.23E-03
-17.92480E+00,+12.69472E+00,+21.23E-03
-17.89980E+00,+12.69447E+00,+21.26E-03
-17.87480E+00,+12.69411E+00,+21.25E-03
-17.84980E+00,+12.69404E+00,+21.24E-03
-17.82480E+00,+12.69389E+00,+21.23E-03
-17.79980E+00,+12.69337E+00,+21.24E-03
-17.77480E+00,+12.69336E+00,+21.24E-03
-17.74980E+00,+12.69325E+00,+21.24E-03
-17.72480E+00,+12.69280E+00,+21.25E-03
-17.69980E+00,+12.69257E+00,+21.23E-03
-17.67480E+00,+12.69238E+00,+21.23E-03
-17.64980E+00,+12.69235E+00,+21.23E-03
-17.62480E+00,+12.69203E+00,+21.24E-03
-17.59980E+00,+12.69163E+00,+21.24E-03
-17.57480E+00,+12.69138E+00,+21.23E-03
-17.54980E+00,+12.69114E+00,+21.22E-03
-17.52480E+00,+12.69119E+00,+21.23E-03
-17.49980E+00,+12.69098E+00,+21.23E-03
-17.47480E+00,+12.69078E+00,+21.23E-03
-17.44980E+00,+12.69076E+00,+21.24E-03
-17.42480E+00,+12.69048E+00,+21.24E-03
-17.39980E+00,+12.69000E+00,+21.24E-03
-17.37480E+00,+12.68955E+00,+21.23E-03
-17.34980E+00,+12.68964E+00,+21.22E-03
-17.32480E+00,+12.68985E+00,+21.24E-03
-17.29980E+00,+12.68924E+00,+21.24E-03
-17.27480E+00,+12.68900E+00,+21.23E-03
-17.24980E+00,+12.68900E+00,+21.22E-03
-17.22480E+00,+12.68907E+00,+21.23E-03
-17.19980E+00,+12.68870E+00,+21.23E-03
-17.17480E+00,+12.68873E+00,+21.23E-03
-17.14980E+00,+12.68839E+00,+21.23E-03
-17.12480E+00,+12.68850E+00,+21.24E-03
-17.09980E+00,+12.68822E+00,+21.26E-03
-17.07480E+00,+12.68775E+00,+21.26E-03
-17.04980E+00,+12.68739E+00,+21.23E-03
-17.02480E+00,+12.68737E+00,+21.24E-03
-16.99980E+00,+12.68735E+00,+21.23E-03
-16.97480E+00,+12.68699E+00,+21.24E-03
-16.94980E+00,+12.68709E+00,+21.22E-03
-16.92480E+00,+12.68695E+00,+21.23E-03
-16.89980E+00,+12.68656E+00,+21.23E-03
-16.87480E+00,+12.68624E+00,+21.22E-03
-16.84980E+00,+12.68624E+00,+21.24E-03
-16.82480E+00,+12.68582E+00,+21.23E-03
-16.79980E+00,+12.68574E+00,+21.22E-03
-16.77480E+00,+12.68583E+00,+21.23E-03
-16.74980E+00,+12.68593E+00,+21.22E-03
-16.72480E+00,+12.68555E+00,+21.23E-03
-16.69980E+00,+12.68502E+00,+21.23E-03
-16.67480E+00,+12.68488E+00,+21.22E-03
-16.64980E+00,+12.68464E+00,+21.23E-03
-16.62480E+00,+12.68464E+00,+21.23E-03
-16.59980E+00,+12.68469E+00,+21.24E-03
-16.57480E+00,+12.68467E+00,+21.24E-03
-16.54980E+00,+12.68455E+00,+21.23E-03
-16.52480E+00,+12.68418E+00,+21.23E-03
-16.49980E+00,+12.68372E+00,+21.24E-03
-16.47480E+00,+12.68341E+00,+21.24E-03
-16.44980E+00,+12.68322E+00,+21.23E-03
-16.42480E+00,+12.68308E+00,+21.22E-03
-16.39980E+00,+12.68319E+00,+21.23E-03
-16.37480E+00,+12.68276E+00,+21.23E-03
-16.34980E+00,+12.68304E+00,+21.23E-03
-16.32480E+00,+12.68285E+00,+21.24E-03
-16.29980E+00,+12.68262E+00,+21.24E-03
-16.27480E+00,+12.68238E+00,+21.24E-03
-16.24980E+00,+12.68217E+00,+21.24E-03
-16.22480E+00,+12.68194E+00,+21.24E-03
-16.19980E+00,+12.68156E+00,+21.23E-03
-16.17480E+00,+12.68132E+00,+21.23E-03
-16.14980E+00,+12.68115E+00,+21.22E-03
-16.12480E+00,+12.68115E+00,+21.23E-03
-16.09980E+00,+12.68104E+00,+21.22E-03
-16.07480E+00,+12.68093E+00,+21.24E-03
-16.04980E+00,+12.68081E+00,+21.24E-03
-16.02480E+00,+12.68047E+00,+21.23E-03
-15.99980E+00,+12.68054E+00,+21.22E-03
-15.97480E+00,+12.68036E+00,+21.23E-03
-15.94980E+00,+12.68002E+00,+21.22E-03
-15.92480E+00,+12.68014E+00,+21.22E-03
-15.89980E+00,+12.68005E+00,+21.21E-03
-15.87480E+00,+12.68025E+00,+21.22E-03
-15.84980E+00,+12.68008E+00,+21.23E-03
-15.82480E+00,+12.67987E+00,+21.22E-03
-15.79980E+00,+12.67927E+00,+21.22E-03
-15.77480E+00,+12.67957E+00,+21.23E-03
-15.74980E+00,+12.67923E+00,+21.24E-03
-15.72480E+00,+12.67889E+00,+21.22E-03
-15.69980E+00,+12.67872E+00,+21.22E-03
-15.67480E+00,+12.67878E+00,+21.23E-03
-15.64980E+00,+12.67853E+00,+21.22E-03
-15.62480E+00,+12.67832E+00,+21.22E-03
-15.59980E+00,+12.67814E+00,+21.22E-03
-15.57480E+00,+12.67799E+00,+21.21E-03
-15.54980E+00,+12.67798E+00,+21.23E-03
-15.52480E+00,+12.67765E+00,+21.22E-03
-15.49980E+00,+12.67790E+00,+21.22E-03
-15.47480E+00,+12.67799E+00,+21.23E-03
-15.44980E+00,+12.67755E+00,+21.23E-03
-15.42480E+00,+12.67720E+00,+21.23E-03
-15.39980E+00,+12.67720E+00,+21.23E-03
-15.37480E+00,+12.67687E+00,+21.23E-03
-15.34980E+00,+12.67686E+00,+21.22E-03
-15.32480E+00,+12.67686E+00,+21.22E-03
-15.29980E+00,+12.67652E+00,+21.23E-03
-15.27480E+00,+12.67663E+00,+21.23E-03
-15.24980E+00,+12.67682E+00,+21.22E-03
-15.22480E+00,+12.67669E+00,+21.23E-03
-15.19980E+00,+12.67596E+00,+21.23E-03
-15.17480E+00,+12.67571E+00,+21.22E-03
-15.14980E+00,+12.67561E+00,+21.23E-03
-15.12480E+00,+12.67548E+00,+21.21E-03
-15.09980E+00,+12.67561E+00,+21.24E-03
-15.07480E+00,+12.67533E+00,+21.23E-03
-15.04980E+00,+12.67509E+00,+21.22E-03
-15.02480E+00,+12.67527E+00,+21.22E-03
-14.99980E+00,+12.67516E+00,+21.23E-03
-14.97480E+00,+12.67484E+00,+21.22E-03
-14.94980E+00,+12.67493E+00,+21.21E-03
-14.92480E+00,+12.67465E+00,+21.23E-03
-14.89980E+00,+12.67428E+00,+21.21E-03
-14.87480E+00,+12.67420E+00,+21.21E-03
-14.84980E+00,+12.67435E+00,+21.22E-03
-14.82480E+00,+12.67404E+00,+21.23E-03
-14.79980E+00,+12.67414E+00,+21.23E-03
-14.77480E+00,+12.67403E+00,+21.23E-03
-14.74980E+00,+12.67403E+00,+21.22E-03
-14.72480E+00,+12.67380E+00,+21.23E-03
-14.69980E+00,+12.67370E+00,+21.22E-03
-14.67480E+00,+12.67392E+00,+21.23E-03
-14.64980E+00,+12.67338E+00,+21.23E-03
-14.62480E+00,+12.67313E+00,+21.21E-03
-14.59980E+00,+12.67319E+00,+21.23E-03
-14.57480E+00,+12.67290E+00,+21.21E-03
-14.54980E+00,+12.67290E+00,+21.22E-03
-14.52480E+00,+12.67256E+00,+21.22E-03
-14.49980E+00,+12.67256E+00,+21.22E-03
-14.47480E+00,+12.67245E+00,+21.23E-03
-14.44980E+00,+12.67211E+00,+21.22E-03
-14.42480E+00,+12.67200E+00,+21.21E-03
-14.39980E+00,+12.67200E+00,+21.22E-03
-14.37480E+00,+12.67177E+00,+21.22E-03
-14.34980E+00,+12.67166E+00,+21.21E-03
-14.32480E+00,+12.67169E+00,+21.22E-03
-14.29980E+00,+12.67149E+00,+21.21E-03
-14.27480E+00,+12.67152E+00,+21.22E-03
-14.24980E+00,+12.67152E+00,+21.22E-03
-14.22480E+00,+12.67130E+00,+21.22E-03
-14.19980E+00,+12.67119E+00,+21.22E-03
-14.17480E+00,+12.67109E+00,+21.22E-03
-14.14980E+00,+12.67082E+00,+21.22E-03
-14.12480E+00,+12.67080E+00,+21.22E-03
-14.09980E+00,+12.67067E+00,+21.21E-03
-14.07480E+00,+12.67074E+00,+21.22E-03
-14.04980E+00,+12.67041E+00,+21.21E-03
-14.02480E+00,+12.67053E+00,+21.22E-03
-13.99980E+00,+12.67034E+00,+21.23E-03
-13.97480E+00,+12.67002E+00,+21.22E-03
-13.94980E+00,+12.66973E+00,+21.23E-03
-13.92480E+00,+12.66972E+00,+21.22E-03
-13.89980E+00,+12.66928E+00,+21.22E-03
-13.87480E+00,+12.66941E+00,+21.21E-03
-13.84980E+00,+12.66928E+00,+21.21E-03
-13.82480E+00,+12.66900E+00,+21.22E-03
-13.79980E+00,+12.66902E+00,+21.21E-03
-13.77480E+00,+12.66874E+00,+21.21E-03
-13.74980E+00,+12.66883E+00,+21.21E-03
-13.72480E+00,+12.66872E+00,+21.21E-03
-13.69980E+00,+12.66875E+00,+21.22E-03
-13.67480E+00,+12.66848E+00,+21.22E-03
-13.64980E+00,+12.66860E+00,+21.22E-03
-13.62480E+00,+12.66835E+00,+21.23E-03
-13.59980E+00,+12.66826E+00,+21.23E-03
-13.57480E+00,+12.66814E+00,+21.22E-03
-13.54980E+00,+12.66804E+00,+21.23E-03
-13.52480E+00,+12.66774E+00,+21.22E-03
-13.49980E+00,+12.66799E+00,+21.22E-03
-13.47480E+00,+12.66767E+00,+21.22E-03
-13.44980E+00,+12.66757E+00,+21.21E-03
-13.42480E+00,+12.66770E+00,+21.22E-03
-13.39980E+00,+12.66727E+00,+21.22E-03
-13.37480E+00,+12.66725E+00,+21.22E-03
-13.34980E+00,+12.66691E+00,+21.22E-03
-13.32480E+00,+12.66702E+00,+21.21E-03
-13.29980E+00,+12.66691E+00,+21.22E-03
-13.27480E+00,+12.66691E+00,+21.22E-03
-13.24980E+00,+12.66689E+00,+21.20E-03
-13.22480E+00,+12.66649E+00,+21.22E-03
-13.19980E+00,+12.66628E+00,+21.21E-03
-13.17480E+00,+12.66619E+00,+21.21E-03
-13.14980E+00,+12.66621E+00,+21.21E-03
-13.12480E+00,+12.66601E+00,+21.21E-03
-13.09980E+00,+12.66590E+00,+21.21E-03
-13.07480E+00,+12.66600E+00,+21.21E-03
-13.04980E+00,+12.66605E+00,+21.22E-03
-13.02480E+00,+12.66578E+00,+21.21E-03
-12.99980E+00,+12.66552E+00,+21.22E-03
-12.97480E+00,+12.66532E+00,+21.21E-03
-12.94980E+00,+12.66530E+00,+21.21E-03
-12.92480E+00,+12.66513E+00,+21.21E-03
-12.89980E+00,+12.66492E+00,+21.21E-03
-12.87480E+00,+12.66476E+00,+21.21E-03
-12.84980E+00,+12.66487E+00,+21.21E-03
-12.82480E+00,+12.66486E+00,+21.22E-03
-12.79980E+00,+12.66454E+00,+21.22E-03
-12.77480E+00,+12.66471E+00,+21.21E-03
-12.74980E+00,+12.66462E+00,+21.22E-03
-12.72480E+00,+12.66476E+00,+21.22E-03
-12.69980E+00,+12.66461E+00,+21.22E-03
-12.67480E+00,+12.66453E+00,+21.22E-03
-12.64980E+00,+12.66431E+00,+21.22E-03
-12.62480E+00,+12.66453E+00,+21.22E-03
-12.59980E+00,+12.66397E+00,+21.22E-03
-12.57480E+00,+12.66385E+00,+21.21E-03
-12.54980E+00,+12.66359E+00,+21.22E-03
-12.52480E+00,+12.66352E+00,+21.22E-03
-12.49980E+00,+12.66340E+00,+21.22E-03
-12.47480E+00,+12.66339E+00,+21.21E-03
-12.44980E+00,+12.66318E+00,+21.21E-03
-12.42480E+00,+12.66311E+00,+21.20E-03
-12.39980E+00,+12.66352E+00,+21.22E-03
-12.37480E+00,+12.66318E+00,+21.22E-03
-12.34980E+00,+12.66295E+00,+21.22E-03
-12.32480E+00,+12.66283E+00,+21.22E-03
-12.29980E+00,+12.66253E+00,+21.21E-03
-12.27480E+00,+12.66268E+00,+21.19E-03
-12.24980E+00,+12.66272E+00,+21.21E-03
-12.22480E+00,+12.66232E+00,+21.23E-03
-12.19980E+00,+12.66216E+00,+21.21E-03
-12.17480E+00,+12.66216E+00,+21.21E-03
-12.14980E+00,+12.66234E+00,+21.21E-03
-12.12480E+00,+12.66209E+00,+21.20E-03
-12.09980E+00,+12.66210E+00,+21.20E-03
-12.07480E+00,+12.66219E+00,+21.20E-03
-12.04980E+00,+12.66212E+00,+21.21E-03
-12.02480E+00,+12.66193E+00,+21.21E-03
-11.99980E+00,+12.66161E+00,+21.21E-03
-11.97480E+00,+12.66148E+00,+21.20E-03
-11.94980E+00,+12.66131E+00,+21.19E-03
-11.92480E+00,+12.66114E+00,+21.20E-03
-11.89980E+00,+12.66125E+00,+21.19E-03
-11.87480E+00,+12.66136E+00,+21.22E-03
-11.84980E+00,+12.66122E+00,+21.19E-03
-11.82480E+00,+12.66117E+00,+21.21E-03
-11.79980E+00,+12.66085E+00,+21.22E-03
-11.77480E+00,+12.66069E+00,+21.21E-03
-11.74980E+00,+12.66078E+00,+21.20E-03
-11.72480E+00,+12.66036E+00,+21.22E-03
-11.69980E+00,+12.66036E+00,+21.21E-03
-11.67480E+00,+12.66015E+00,+21.21E-03
-11.64980E+00,+12.66028E+00,+21.21E-03
-11.62480E+00,+12.66019E+00,+21.21E-03
-11.59980E+00,+12.66001E+00,+21.20E-03
-11.57480E+00,+12.66010E+00,+21.21E-03
-11.54980E+00,+12.65978E+00,+21.21E-03
-11.52480E+00,+12.66010E+00,+21.22E-03
-11.49980E+00,+12.65994E+00,+21.22E-03
-11.47480E+00,+12.65978E+00,+21.22E-03
-11.44980E+00,+12.65964E+00,+21.21E-03
-11.42480E+00,+12.65943E+00,+21.22E-03
-11.39980E+00,+12.65933E+00,+21.22E-03
-11.37480E+00,+12.65920E+00,+21.22E-03
-11.34980E+00,+12.65903E+00,+21.21E-03
-11.32480E+00,+12.65882E+00,+21.21E-03
-11.29980E+00,+12.65911E+00,+21.19E-03
-11.27480E+00,+12.65911E+00,+21.21E-03
-11.24980E+00,+12.65899E+00,+21.22E-03
-11.22480E+00,+12.65899E+00,+21.22E-03
-11.19980E+00,+12.65880E+00,+21.21E-03
-11.17480E+00,+12.65865E+00,+21.20E-03
-11.14980E+00,+12.65857E+00,+21.19E-03
-11.12480E+00,+12.65829E+00,+21.21E-03
-11.09980E+00,+12.65810E+00,+21.21E-03
-11.07480E+00,+12.65810E+00,+21.19E-03
-11.04980E+00,+12.65809E+00,+21.19E-03
-11.02480E+00,+12.65786E+00,+21.19E-03
-10.99980E+00,+12.65786E+00,+21.19E-03
-10.97480E+00,+12.65778E+00,+21.19E-03
-10.94980E+00,+12.65785E+00,+21.19E-03
-10.92480E+00,+12.65787E+00,+21.21E-03
-10.89980E+00,+12.65766E+00,+21.21E-03
-10.87480E+00,+12.65752E+00,+21.20E-03
-10.84980E+00,+12.65736E+00,+21.19E-03
-10.82480E+00,+12.65715E+00,+21.19E-03
-10.79980E+00,+12.65696E+00,+21.18E-03
-10.77480E+00,+12.65707E+00,+21.19E-03
-10.74980E+00,+12.65720E+00,+21.21E-03
-10.72480E+00,+12.65718E+00,+21.21E-03
-10.69980E+00,+12.65696E+00,+21.21E-03
-10.67480E+00,+12.65696E+00,+21.21E-03
-10.64980E+00,+12.65718E+00,+21.20E-03
-10.62480E+00,+12.65718E+00,+21.21E-03
-10.59980E+00,+12.65675E+00,+21.22E-03
-10.57480E+00,+12.65651E+00,+21.20E-03
-10.54980E+00,+12.65639E+00,+21.19E-03
-10.52480E+00,+12.65657E+00,+21.20E-03
-10.49980E+00,+12.65619E+00,+21.21E-03
-10.47480E+00,+12.65593E+00,+21.21E-03
-10.44980E+00,+12.65582E+00,+21.19E-03
-10.42480E+00,+12.65605E+00,+21.21E-03
-10.39980E+00,+12.65549E+00,+21.20E-03
-10.37480E+00,+12.65560E+00,+21.19E-03
-10.34980E+00,+12.65557E+00,+21.20E-03
-10.32480E+00,+12.65563E+00,+21.19E-03
-10.29980E+00,+12.65593E+00,+21.19E-03
-10.27480E+00,+12.65596E+00,+21.21E-03
-10.24980E+00,+12.65530E+00,+21.21E-03
-10.22480E+00,+12.65531E+00,+21.21E-03
-10.19980E+00,+12.65523E+00,+21.21E-03
-10.17480E+00,+12.65502E+00,+21.19E-03
-10.14980E+00,+12.65504E+00,+21.21E-03
-10.12480E+00,+12.65504E+00,+21.21E-03
-10.09980E+00,+12.65515E+00,+21.21E-03
-10.07480E+00,+12.65492E+00,+21.21E-03
-10.04980E+00,+12.65466E+00,+21.21E-03
-10.02480E+00,+12.65445E+00,+21.21E-03
-9.99980E+00,+12.65424E+00,+21.21E-03
-9.97480E+00,+12.65413E+00,+21.19E-03
-9.94980E+00,+12.65432E+00,+21.19E-03
-9.92480E+00,+12.65424E+00,+21.22E-03
-9.89980E+00,+12.65384E+00,+21.19E-03
-9.87480E+00,+12.65413E+00,+21.19E-03
-9.84980E+00,+12.65402E+00,+21.21E-03
-9.82480E+00,+12.65391E+00,+21.19E-03
-9.79980E+00,+12.65348E+00,+21.19E-03
-9.77480E+00,+12.65375E+00,+21.19E-03
-9.74980E+00,+12.65374E+00,+21.21E-03
-9.72480E+00,+12.65353E+00,+21.18E-03
-9.69980E+00,+12.65344E+00,+21.21E-03
-9.67480E+00,+12.65345E+00,+21.21E-03
-9.64980E+00,+12.65336E+00,+21.20E-03
-9.62480E+00,+12.65315E+00,+21.19E-03
-9.59980E+00,+12.65312E+00,+21.19E-03
-9.57480E+00,+12.65289E+00,+21.21E-03
-9.54980E+00,+12.65279E+00,+21.19E-03
-9.52480E+00,+12.65289E+00,+21.22E-03
-9.49980E+00,+12.65268E+00,+21.21E-03
-9.47480E+00,+12.65262E+00,+21.19E-03
-9.44980E+00,+12.65272E+00,+21.19E-03
-9.42480E+00,+12.65251E+00,+21.19E-03
-9.39980E+00,+12.65234E+00,+21.20E-03
-9.37480E+00,+12.65221E+00,+21.19E-03
-9.34980E+00,+12.65210E+00,+21.20E-03
-9.32480E+00,+12.65224E+00,+21.19E-03
-9.29980E+00,+12.65198E+00,+21.19E-03
-9.27480E+00,+12.65191E+00,+21.18E-03
-9.24980E+00,+12.65216E+00,+21.19E-03
-9.22480E+00,+12.65197E+00,+21.20E-03
-9.19980E+00,+12.65176E+00,+21.19E-03
-9.17480E+00,+12.65153E+00,+21.19E-03
-9.14980E+00,+12.65158E+00,+21.19E-03
-9.12480E+00,+12.65158E+00,+21.19E-03
-9.09980E+00,+12.65153E+00,+21.19E-03
-9.07480E+00,+12.65152E+00,+21.19E-03
-9.04980E+00,+12.65120E+00,+21.18E-03
-9.02480E+00,+12.65110E+00,+21.19E-03
-8.99980E+00,+12.65135E+00,+21.20E-03
-8.97480E+00,+12.65142E+00,+21.21E-03
-8.94980E+00,+12.65116E+00,+21.21E-03
-8.92480E+00,+12.65074E+00,+21.20E-03
-8.89980E+00,+12.65085E+00,+21.19E-03
-8.87480E+00,+12.65093E+00,+21.19E-03
-8.84980E+00,+12.65078E+00,+21.21E-03
-8.82480E+00,+12.65029E+00,+21.19E-03
-8.79980E+00,+12.65048E+00,+21.18E-03
-8.77480E+00,+12.65085E+00,+21.19E-03
-8.74980E+00,+12.65063E+00,+21.19E-03
-8.72480E+00,+12.65032E+00,+21.19E-03
-8.69980E+00,+12.65025E+00,+21.19E-03
-8.67480E+00,+12.65034E+00,+21.20E-03
-8.64980E+00,+12.65002E+00,+21.19E-03
-8.62480E+00,+12.64972E+00,+21.18E-03
-8.59980E+00,+12.64983E+00,+21.18E-03
-8.57480E+00,+12.64983E+00,+21.18E-03
-8.54980E+00,+12.64983E+00,+21.18E-03
-8.52480E+00,+12.64936E+00,+21.19E-03
-8.49980E+00,+12.64943E+00,+21.19E-03
-8.47480E+00,+12.64950E+00,+21.18E-03
-8.44980E+00,+12.64937E+00,+21.20E-03
-8.42480E+00,+12.64938E+00,+21.19E-03
-8.39980E+00,+12.64941E+00,+21.19E-03
-8.37480E+00,+12.64934E+00,+21.19E-03
-8.34980E+00,+12.64950E+00,+21.17E-03
-8.32480E+00,+12.64930E+00,+21.19E-03
-8.29980E+00,+12.64916E+00,+21.20E-03
-8.27480E+00,+12.64882E+00,+21.19E-03
-8.24980E+00,+12.64893E+00,+21.18E-03
-8.22480E+00,+12.64885E+00,+21.19E-03
-8.19980E+00,+12.64865E+00,+21.19E-03
-8.17480E+00,+12.64836E+00,+21.19E-03
-8.14980E+00,+12.64825E+00,+21.19E-03
-8.12480E+00,+12.64836E+00,+21.19E-03
-8.09980E+00,+12.64825E+00,+21.19E-03
-8.07480E+00,+12.64806E+00,+21.19E-03
-8.04980E+00,+12.64796E+00,+21.18E-03
-8.02480E+00,+12.64818E+00,+21.19E-03
-7.99980E+00,+12.64816E+00,+21.19E-03
-7.97480E+00,+12.64825E+00,+21.18E-03
-7.94980E+00,+12.64824E+00,+21.18E-03
-7.92480E+00,+12.64817E+00,+21.19E-03
-7.89980E+00,+12.64796E+00,+21.19E-03
-7.87480E+00,+12.64786E+00,+21.19E-03
-7.84980E+00,+12.64757E+00,+21.19E-03
-7.82480E+00,+12.64747E+00,+21.18E-03
-7.79980E+00,+12.64779E+00,+21.19E-03
-7.77480E+00,+12.64769E+00,+21.18E-03
-7.74980E+00,+12.64769E+00,+21.19E-03
-7.72480E+00,+12.64758E+00,+21.19E-03
-7.69980E+00,+12.64746E+00,+21.21E-03
-7.67480E+00,+12.64712E+00,+21.20E-03
-7.64980E+00,+12.64701E+00,+21.18E-03
-7.62480E+00,+12.64691E+00,+21.18E-03
-7.59980E+00,+12.64697E+00,+21.18E-03
-7.57480E+00,+12.64695E+00,+21.18E-03
-7.54980E+00,+12.64663E+00,+21.19E-03
-7.52480E+00,+12.64633E+00,+21.17E-03
-7.49980E+00,+12.64644E+00,+21.17E-03
-7.47480E+00,+12.64667E+00,+21.18E-03
-7.44980E+00,+12.64659E+00,+21.19E-03
-7.42480E+00,+12.64615E+00,+21.18E-03
-7.39980E+00,+12.64599E+00,+21.19E-03
-7.37480E+00,+12.64622E+00,+21.18E-03
-7.34980E+00,+12.64612E+00,+21.16E-03
-7.32480E+00,+12.64634E+00,+21.18E-03
-7.29980E+00,+12.64610E+00,+21.18E-03
-7.27480E+00,+12.64576E+00,+21.18E-03
-7.24980E+00,+12.64572E+00,+21.17E-03
-7.22480E+00,+12.64562E+00,+21.18E-03
-7.19980E+00,+12.64556E+00,+21.18E-03
-7.17480E+00,+12.64565E+00,+21.18E-03
-7.14980E+00,+12.64551E+00,+21.19E-03
-7.12480E+00,+12.64535E+00,+21.20E-03
-7.09980E+00,+12.64509E+00,+21.18E-03
-7.07480E+00,+12.64509E+00,+21.17E-03
-7.04980E+00,+12.64531E+00,+21.17E-03
-7.02480E+00,+12.64520E+00,+21.18E-03
-6.99980E+00,+12.64510E+00,+21.18E-03
-6.97480E+00,+12.64501E+00,+21.18E-03
-6.94980E+00,+12.64475E+00,+21.18E-03
-6.92480E+00,+12.64509E+00,+21.19E-03
-6.89980E+00,+12.64490E+00,+21.19E-03
-6.87480E+00,+12.64509E+00,+21.18E-03
-6.84980E+00,+12.64530E+00,+21.17E-03
-6.82480E+00,+12.64542E+00,+21.18E-03
-6.79980E+00,+12.64525E+00,+21.19E-03
-6.77480E+00,+12.64448E+00,+21.18E-03
-6.74980E+00,+12.64438E+00,+21.18E-03
-6.72480E+00,+12.64463E+00,+21.18E-03
-6.69980E+00,+12.64430E+00,+21.17E-03
-6.67480E+00,+12.64461E+00,+21.17E-03
-6.64980E+00,+12.64445E+00,+21.19E-03
-6.62480E+00,+12.64429E+00,+21.18E-03
-6.59980E+00,+12.64441E+00,+21.18E-03
-6.57480E+00,+12.64394E+00,+21.18E-03
-6.54980E+00,+12.64362E+00,+21.16E-03
-6.52480E+00,+12.64398E+00,+21.18E-03
-6.49980E+00,+12.64377E+00,+21.19E-03
-6.47480E+00,+12.64378E+00,+21.16E-03
-6.44980E+00,+12.64369E+00,+21.18E-03
-6.42480E+00,+12.64337E+00,+21.18E-03
-6.39980E+00,+12.64328E+00,+21.17E-03
-6.37480E+00,+12.64352E+00,+21.18E-03
-6.34980E+00,+12.64331E+00,+21.18E-03
-6.32480E+00,+12.64328E+00,+21.17E-03
-6.29980E+00,+12.64316E+00,+21.19E-03
-6.27480E+00,+12.64316E+00,+21.19E-03
-6.24980E+00,+12.64293E+00,+21.17E-03
-6.22480E+00,+12.64271E+00,+21.17E-03
-6.19980E+00,+12.64260E+00,+21.18E-03
-6.17480E+00,+12.64277E+00,+21.18E-03
-6.14980E+00,+12.64267E+00,+21.17E-03
-6.12480E+00,+12.64240E+00,+21.16E-03
-6.09980E+00,+12.64249E+00,+21.18E-03
-6.07480E+00,+12.64226E+00,+21.17E-03
-6.04980E+00,+12.64237E+00,+21.17E-03
-6.02480E+00,+12.64226E+00,+21.16E-03
-5.99980E+00,+12.64260E+00,+21.17E-03
-5.97480E+00,+12.64260E+00,+21.18E-03
-5.94980E+00,+12.64226E+00,+21.17E-03
-5.92480E+00,+12.64226E+00,+21.16E-03
-5.89980E+00,+12.64235E+00,+21.17E-03
-5.87480E+00,+12.64223E+00,+21.17E-03
-5.84980E+00,+12.64192E+00,+21.17E-03
-5.82480E+00,+12.64181E+00,+21.17E-03
-5.79980E+00,+12.64169E+00,+21.17E-03
-5.77480E+00,+12.64181E+00,+21.17E-03
-5.74980E+00,+12.64179E+00,+21.17E-03
-5.72480E+00,+12.64162E+00,+21.17E-03
-5.69980E+00,+12.64135E+00,+21.16E-03
-5.67480E+00,+12.64147E+00,+21.16E-03
-5.64980E+00,+12.64122E+00,+21.17E-03
-5.62480E+00,+12.64124E+00,+21.18E-03
-5.59980E+00,+12.64124E+00,+21.18E-03
-5.57480E+00,+12.64110E+00,+21.16E-03
-5.54980E+00,+12.64113E+00,+21.17E-03
-5.52480E+00,+12.64120E+00,+21.17E-03
-5.49980E+00,+12.64115E+00,+21.18E-03
-5.47480E+00,+12.64090E+00,+21.18E-03
-5.44980E+00,+12.64090E+00,+21.18E-03
-5.42480E+00,+12.64082E+00,+21.19E-03
-5.39980E+00,+12.64084E+00,+21.19E-03
-5.37480E+00,+12.64063E+00,+21.16E-03
-5.34980E+00,+12.64053E+00,+21.17E-03
-5.32480E+00,+12.64069E+00,+21.17E-03
-5.29980E+00,+12.64078E+00,+21.17E-03
-5.27480E+00,+12.64081E+00,+21.17E-03
-5.24980E+00,+12.64060E+00,+21.17E-03
-5.22480E+00,+12.64028E+00,+21.17E-03
-5.19980E+00,+12.64011E+00,+21.16E-03
-5.17480E+00,+12.64011E+00,+21.16E-03
-5.14980E+00,+12.64000E+00,+21.18E-03
-5.12480E+00,+12.63988E+00,+21.17E-03
-5.09980E+00,+12.63985E+00,+21.17E-03
-5.07480E+00,+12.63972E+00,+21.16E-03
-5.04980E+00,+12.64000E+00,+21.16E-03
-5.02480E+00,+12.63977E+00,+21.17E-03
-4.99980E+00,+12.63944E+00,+21.17E-03
-4.97480E+00,+12.63964E+00,+21.17E-03
-4.94980E+00,+12.63958E+00,+21.17E-03
-4.92480E+00,+12.63927E+00,+21.17E-03
-4.89980E+00,+12.63928E+00,+21.18E-03
-4.87480E+00,+12.63921E+00,+21.17E-03
-4.84980E+00,+12.63955E+00,+21.17E-03
-4.82480E+00,+12.63944E+00,+21.17E-03
-4.79980E+00,+12.63923E+00,+21.16E-03
-4.77480E+00,+12.63939E+00,+21.15E-03
-4.74980E+00,+12.63955E+00,+21.17E-03
-4.72480E+00,+12.63914E+00,+21.18E-03
-4.69980E+00,+12.63887E+00,+21.16E-03
-4.67480E+00,+12.63887E+00,+21.17E-03
-4.64980E+00,+12.63846E+00,+21.17E-03
-4.62480E+00,+12.63853E+00,+21.15E-03
-4.59980E+00,+12.63847E+00,+21.16E-03
-4.57480E+00,+12.63841E+00,+21.18E-03
-4.54980E+00,+12.63830E+00,+21.17E-03
-4.52480E+00,+12.63853E+00,+21.17E-03
-4.49980E+00,+12.63864E+00,+21.17E-03
-4.47480E+00,+12.63841E+00,+21.17E-03
-4.44980E+00,+12.63841E+00,+21.17E-03
-4.42480E+00,+12.63826E+00,+21.17E-03
-4.39980E+00,+12.63819E+00,+21.16E-03
-4.37480E+00,+12.63808E+00,+21.14E-03
-4.34980E+00,+12.63817E+00,+21.17E-03
-4.32480E+00,+12.63785E+00,+21.16E-03
-4.29980E+00,+12.63806E+00,+21.16E-03
-4.27480E+00,+12.63781E+00,+21.16E-03
-4.24980E+00,+12.63774E+00,+21.17E-03
-4.22480E+00,+12.63741E+00,+21.17E-03
-4.19980E+00,+12.63750E+00,+21.17E-03
-4.17480E+00,+12.63740E+00,+21.16E-03
-4.14980E+00,+12.63756E+00,+21.16E-03
-4.12480E+00,+12.63751E+00,+21.16E-03
-4.09980E+00,+12.63751E+00,+21.16E-03
-4.07480E+00,+12.63738E+00,+21.16E-03
-4.04980E+00,+12.63740E+00,+21.16E-03
-4.02480E+00,+12.63728E+00,+21.17E-03
-3.99980E+00,+12.63713E+00,+21.16E-03
-3.97480E+00,+12.63722E+00,+21.14E-03
-3.94980E+00,+12.63748E+00,+21.17E-03
-3.92480E+00,+12.63704E+00,+21.17E-03
-3.89980E+00,+12.63683E+00,+21.16E-03
-3.87480E+00,+12.63693E+00,+21.16E-03
-3.84980E+00,+12.63683E+00,+21.15E-03
-3.82480E+00,+12.63683E+00,+21.17E-03
-3.79980E+00,+12.63661E+00,+21.16E-03
-3.77480E+00,+12.63636E+00,+21.17E-03
-3.74980E+00,+12.63638E+00,+21.16E-03
-3.72480E+00,+12.63627E+00,+21.17E-03
-3.69980E+00,+12.63627E+00,+21.17E-03
-3.67480E+00,+12.63604E+00,+21.16E-03
-3.64980E+00,+12.63634E+00,+21.16E-03
-3.62480E+00,+12.63627E+00,+21.16E-03
-3.59980E+00,+12.63626E+00,+21.16E-03
-3.57480E+00,+12.63616E+00,+21.16E-03
-3.54980E+00,+12.63604E+00,+21.16E-03
-3.52480E+00,+12.63586E+00,+21.16E-03
-3.49980E+00,+12.63570E+00,+21.17E-03
-3.47480E+00,+12.63570E+00,+21.17E-03
-3.44980E+00,+12.63559E+00,+21.16E-03
-3.42480E+00,+12.63559E+00,+21.16E-03
-3.39980E+00,+12.63561E+00,+21.16E-03
-3.37480E+00,+12.63559E+00,+21.17E-03
-3.34980E+00,+12.63536E+00,+21.16E-03
-3.32480E+00,+12.63547E+00,+21.17E-03
-3.29980E+00,+12.63559E+00,+21.17E-03
-3.27480E+00,+12.63536E+00,+21.16E-03
-3.24980E+00,+12.63517E+00,+21.17E-03
-3.22480E+00,+12.63517E+00,+21.16E-03
-3.19980E+00,+12.63565E+00,+21.15E-03
-3.17480E+00,+12.63544E+00,+21.16E-03
-3.14980E+00,+12.63523E+00,+21.15E-03
-3.12480E+00,+12.63525E+00,+21.16E-03
-3.09980E+00,+12.63502E+00,+21.14E-03
-3.07480E+00,+12.63502E+00,+21.16E-03
-3.04980E+00,+12.63473E+00,+21.16E-03
-3.02480E+00,+12.63464E+00,+21.16E-03
-2.99980E+00,+12.63451E+00,+21.13E-03
-2.97480E+00,+12.63478E+00,+21.14E-03
-2.94980E+00,+12.63447E+00,+21.14E-03
-2.92480E+00,+12.63457E+00,+21.16E-03
-2.89980E+00,+12.63434E+00,+21.17E-03
-2.87480E+00,+12.63425E+00,+21.14E-03
-2.84980E+00,+12.63417E+00,+21.15E-03
-2.82480E+00,+12.63413E+00,+21.14E-03
-2.79980E+00,+12.63412E+00,+21.17E-03
-2.77480E+00,+12.63421E+00,+21.15E-03
-2.74980E+00,+12.63416E+00,+21.16E-03
-2.72480E+00,+12.63412E+00,+21.17E-03
-2.69980E+00,+12.63397E+00,+21.17E-03
-2.67480E+00,+12.63378E+00,+21.15E-03
-2.64980E+00,+12.63412E+00,+21.14E-03
-2.62480E+00,+12.63391E+00,+21.16E-03
-2.59980E+00,+12.63389E+00,+21.16E-03
-2.57480E+00,+12.63395E+00,+21.16E-03
-2.54980E+00,+12.63385E+00,+21.16E-03
-2.52480E+00,+12.63335E+00,+21.14E-03
-2.49980E+00,+12.63344E+00,+21.17E-03
-2.47480E+00,+12.63333E+00,+21.16E-03
-2.44980E+00,+12.63347E+00,+21.16E-03
-2.42480E+00,+12.63344E+00,+21.16E-03
-2.39980E+00,+12.63314E+00,+21.16E-03
-2.37480E+00,+12.63321E+00,+21.16E-03
-2.34980E+00,+12.63333E+00,+21.17E-03
-2.32480E+00,+12.63344E+00,+21.17E-03
-2.29980E+00,+12.63333E+00,+21.17E-03
-2.27480E+00,+12.63328E+00,+21.16E-03
-2.24980E+00,+12.63299E+00,+21.17E-03
-2.22480E+00,+12.63291E+00,+21.16E-03
-2.19980E+00,+12.63287E+00,+21.17E-03
-2.17480E+00,+12.63264E+00,+21.16E-03
-2.14980E+00,+12.63254E+00,+21.18E-03
-2.12480E+00,+12.63261E+00,+21.14E-03
-2.09980E+00,+12.63333E+00,+21.15E-03
-2.07480E+00,+12.63307E+00,+21.16E-03
-2.04980E+00,+12.63286E+00,+21.16E-03
-2.02480E+00,+12.63242E+00,+21.17E-03
-1.99980E+00,+12.63259E+00,+21.16E-03
-1.97480E+00,+12.63242E+00,+21.17E-03
-1.94980E+00,+12.63242E+00,+21.17E-03
-1.92480E+00,+12.63224E+00,+21.16E-03
-1.89980E+00,+12.63208E+00,+21.16E-03
-1.87480E+00,+12.63197E+00,+21.17E-03
-1.84980E+00,+12.63198E+00,+21.14E-03
-1.82480E+00,+12.63208E+00,+21.15E-03
-1.79980E+00,+12.63197E+00,+21.17E-03
-1.77480E+00,+12.63186E+00,+21.16E-03
-1.74980E+00,+12.63177E+00,+21.13E-03
-1.72480E+00,+12.63220E+00,+21.16E-03
-1.69980E+00,+12.63209E+00,+21.16E-03
-1.67480E+00,+12.63197E+00,+21.16E-03
-1.64980E+00,+12.63172E+00,+21.17E-03
-1.62480E+00,+12.63170E+00,+21.16E-03
-1.59980E+00,+12.63137E+00,+21.16E-03
-1.57480E+00,+12.63117E+00,+21.16E-03
-1.54980E+00,+12.63107E+00,+21.16E-03
-1.52480E+00,+12.63086E+00,+21.16E-03
-1.49980E+00,+12.63102E+00,+21.15E-03
-1.47480E+00,+12.63112E+00,+21.15E-03
-1.44980E+00,+12.63152E+00,+21.17E-03
-1.42480E+00,+12.63139E+00,+21.17E-03
-1.39980E+00,+12.63107E+00,+21.17E-03
-1.37480E+00,+12.63073E+00,+21.15E-03
-1.34980E+00,+12.63073E+00,+21.16E-03
-1.32480E+00,+12.63084E+00,+21.17E-03
-1.29980E+00,+12.63065E+00,+21.18E-03
-1.27480E+00,+12.63061E+00,+21.16E-03
-1.24980E+00,+12.63062E+00,+21.17E-03
-1.22480E+00,+12.63063E+00,+21.17E-03
-1.19980E+00,+12.63053E+00,+21.16E-03
-1.17480E+00,+12.63022E+00,+21.15E-03
-1.14980E+00,+12.63043E+00,+21.15E-03
-1.12480E+00,+12.63050E+00,+21.14E-03
-1.09980E+00,+12.63061E+00,+21.16E-03
-1.07480E+00,+12.63016E+00,+21.14E-03
-1.04980E+00,+12.63005E+00,+21.14E-03
-1.02480E+00,+12.63023E+00,+21.16E-03
-999.80E-03,+12.63021E+00,+21.16E-03
-974.80E-03,+12.63005E+00,+21.16E-03
-949.80E-03,+12.62995E+00,+21.16E-03
-924.80E-03,+12.63038E+00,+21.14E-03
-899.80E-03,+12.63021E+00,+21.16E-03
-874.80E-03,+12.63027E+00,+21.16E-03
-849.80E-03,+12.63005E+00,+21.16E-03
-824.80E-03,+12.62974E+00,+21.15E-03
-799.80E-03,+12.62993E+00,+21.16E-03
-774.80E-03,+12.62971E+00,+21.17E-03
-749.80E-03,+12.62950E+00,+21.16E-03
-724.80E-03,+12.62948E+00,+21.16E-03
-699.80E-03,+12.62948E+00,+21.17E-03
-674.80E-03,+12.62937E+00,+21.15E-03
-649.80E-03,+12.62948E+00,+21.15E-03
-624.80E-03,+12.62937E+00,+21.14E-03
-599.80E-03,+12.62927E+00,+21.14E-03
-574.80E-03,+12.62948E+00,+21.16E-03
-549.80E-03,+12.62942E+00,+21.17E-03
-524.80E-03,+12.62923E+00,+21.14E-03
-499.80E-03,+12.62946E+00,+21.17E-03
-474.80E-03,+12.62914E+00,+21.16E-03
-449.80E-03,+12.62903E+00,+21.16E-03
-424.80E-03,+12.62903E+00,+21.14E-03
-399.80E-03,+12.62919E+00,+21.16E-03
-374.80E-03,+12.62887E+00,+21.16E-03
-349.80E-03,+12.62892E+00,+21.16E-03
-324.80E-03,+12.62903E+00,+21.17E-03
-299.80E-03,+12.62913E+00,+21.15E-03
-274.80E-03,+12.62914E+00,+21.16E-03
-249.80E-03,+12.62885E+00,+21.16E-03
-224.80E-03,+12.62880E+00,+21.14E-03
-199.80E-03,+12.62862E+00,+21.14E-03
-174.80E-03,+12.62846E+00,+21.16E-03
-149.80E-03,+12.62846E+00,+21.16E-03
-124.80E-03,+12.62805E+00,+21.14E-03
-99.80E-03,+12.62809E+00,+21.15E-03
-74.80E-03,+12.62813E+00,+21.16E-03
-49.80E-03,+12.62790E+00,+21.16E-03
-24.80E-03,+12.62792E+00,+21.15E-03
+200E-06,+12.67581E+00,+15.82E-03
+25.20E-03,+12.82433E+00,+260E-06
+50.20E-03,+12.82817E+00,+260E-06
+75.20E-03,+12.83060E+00,+270E-06
+100.20E-03,+12.83223E+00,+270E-06
+125.20E-03,+12.83373E+00,+280E-06
+150.20E-03,+12.83483E+00,+280E-06
+175.20E-03,+12.83614E+00,+260E-06
+200.20E-03,+12.83724E+00,+260E-06
+225.20E-03,+12.83800E+00,+280E-06
+250.20E-03,+12.83882E+00,+280E-06
+275.20E-03,+12.83928E+00,+270E-06
+300.20E-03,+12.84002E+00,+260E-06
+325.20E-03,+12.84068E+00,+260E-06
+350.20E-03,+12.84155E+00,+250E-06
+375.20E-03,+12.84264E+00,+270E-06
+400.20E-03,+12.84294E+00,+280E-06
+425.20E-03,+12.84332E+00,+260E-06
+450.20E-03,+12.84376E+00,+260E-06
+475.20E-03,+12.84408E+00,+280E-06
+500.20E-03,+12.84461E+00,+260E-06
+525.20E-03,+12.84536E+00,+260E-06
+550.20E-03,+12.84595E+00,+260E-06
+575.20E-03,+12.84645E+00,+290E-06
+600.20E-03,+12.84668E+00,+270E-06
+625.20E-03,+12.84714E+00,+260E-06
+650.20E-03,+12.84757E+00,+280E-06
+675.20E-03,+12.84801E+00,+270E-06
+700.20E-03,+12.84833E+00,+260E-06
+725.20E-03,+12.84899E+00,+260E-06
+750.20E-03,+12.84948E+00,+300E-06
+775.20E-03,+12.84951E+00,+290E-06
+800.20E-03,+12.84984E+00,+260E-06
+825.20E-03,+12.85038E+00,+280E-06
+850.20E-03,+12.85075E+00,+280E-06
+875.20E-03,+12.85135E+00,+280E-06
+900.20E-03,+12.85188E+00,+280E-06
+925.20E-03,+12.85189E+00,+280E-06
+950.20E-03,+12.85233E+00,+280E-06
+975.20E-03,+12.85256E+00,+280E-06
+1.00020E+00,+12.85267E+00,+280E-06
+1.02520E+00,+12.85290E+00,+280E-06
+1.05020E+00,+12.85339E+00,+280E-06
+1.07520E+00,+12.85380E+00,+280E-06
+1.10020E+00,+12.85381E+00,+260E-06
+1.12520E+00,+12.85414E+00,+270E-06
+1.15020E+00,+12.85463E+00,+280E-06
+1.17520E+00,+12.85471E+00,+280E-06
+1.20020E+00,+12.85497E+00,+280E-06
+1.22520E+00,+12.85530E+00,+280E-06
+1.25020E+00,+12.85550E+00,+260E-06
+1.27520E+00,+12.85582E+00,+260E-06
+1.30020E+00,+12.85615E+00,+260E-06
+1.32520E+00,+12.85629E+00,+260E-06
+1.35020E+00,+12.85672E+00,+260E-06
+1.37520E+00,+12.85688E+00,+280E-06
+1.40020E+00,+12.85709E+00,+260E-06
+1.42520E+00,+12.85709E+00,+280E-06
+1.45020E+00,+12.85759E+00,+260E-06
+1.47520E+00,+12.85794E+00,+280E-06
+1.50020E+00,+12.85792E+00,+280E-06
+1.52520E+00,+12.85821E+00,+270E-06
+1.55020E+00,+12.85834E+00,+260E-06
+1.57520E+00,+12.85877E+00,+260E-06
+1.60020E+00,+12.85921E+00,+260E-06
+1.62520E+00,+12.85946E+00,+270E-06
+1.65020E+00,+12.85952E+00,+270E-06
+1.67520E+00,+12.85949E+00,+270E-06
+1.70020E+00,+12.85959E+00,+260E-06
+1.72520E+00,+12.85991E+00,+280E-06
+1.75020E+00,+12.86014E+00,+280E-06
+1.77520E+00,+12.86025E+00,+270E-06
+1.80020E+00,+12.86025E+00,+260E-06
+1.82520E+00,+12.86067E+00,+260E-06
+1.85020E+00,+12.86084E+00,+270E-06
+1.87520E+00,+12.86093E+00,+260E-06
+1.90020E+00,+12.86105E+00,+280E-06
+1.92520E+00,+12.86143E+00,+270E-06
+1.95020E+00,+12.86178E+00,+270E-06
+1.97520E+00,+12.86206E+00,+280E-06
+2.00020E+00,+12.86231E+00,+260E-06
+2.02520E+00,+12.86229E+00,+260E-06
+2.05020E+00,+12.86260E+00,+260E-06
+2.07520E+00,+12.86254E+00,+270E-06
+2.10020E+00,+12.86269E+00,+260E-06
+2.12520E+00,+12.86285E+00,+270E-06
+2.15020E+00,+12.86319E+00,+270E-06
+2.17520E+00,+12.86331E+00,+260E-06
+2.20020E+00,+12.86341E+00,+250E-06
+2.22520E+00,+12.86359E+00,+260E-06
+2.25020E+00,+12.86390E+00,+250E-06
+2.27520E+00,+12.86443E+00,+280E-06
+2.30020E+00,+12.86424E+00,+280E-06
+2.32520E+00,+12.86443E+00,+280E-06
+2.35020E+00,+12.86443E+00,+280E-06
+2.37520E+00,+12.86453E+00,+270E-06
+2.40020E+00,+12.86455E+00,+260E-06
+2.42520E+00,+12.86483E+00,+260E-06
+2.45020E+00,+12.86508E+00,+260E-06
+2.47520E+00,+12.86558E+00,+270E-06
+2.50020E+00,+12.86545E+00,+280E-06
+2.52520E+00,+12.86576E+00,+260E-06
+2.55020E+00,+12.86571E+00,+270E-06
+2.57520E+00,+12.86556E+00,+260E-06
+2.60020E+00,+12.86568E+00,+260E-06
+2.62520E+00,+12.86579E+00,+250E-06
+2.65020E+00,+12.86613E+00,+260E-06
+2.67520E+00,+12.86615E+00,+260E-06
+2.70020E+00,+12.86630E+00,+260E-06
+2.72520E+00,+12.86653E+00,+260E-06
+2.75020E+00,+12.86676E+00,+280E-06
+2.77520E+00,+12.86684E+00,+260E-06
+2.80020E+00,+12.86703E+00,+280E-06
+2.82520E+00,+12.86725E+00,+280E-06
+2.85020E+00,+12.86715E+00,+280E-06
+2.87520E+00,+12.86737E+00,+240E-06
+2.90020E+00,+12.86788E+00,+260E-06
+2.92520E+00,+12.86813E+00,+280E-06
+2.95020E+00,+12.86797E+00,+260E-06
+2.97520E+00,+12.86839E+00,+260E-06
+3.00020E+00,+12.86837E+00,+260E-06
+3.02520E+00,+12.86824E+00,+270E-06
+3.05020E+00,+12.86828E+00,+260E-06
+3.07520E+00,+12.86828E+00,+260E-06
+3.10020E+00,+12.86841E+00,+250E-06
+3.12520E+00,+12.86873E+00,+250E-06
+3.15020E+00,+12.86895E+00,+260E-06
+3.17520E+00,+12.86884E+00,+260E-06
+3.20020E+00,+12.86890E+00,+270E-06
+3.22520E+00,+12.86916E+00,+260E-06
+3.25020E+00,+12.86943E+00,+260E-06
+3.27520E+00,+12.86954E+00,+260E-06
+3.30020E+00,+12.86975E+00,+260E-06
+3.32520E+00,+12.86986E+00,+260E-06
+3.35020E+00,+12.87011E+00,+260E-06
+3.37520E+00,+12.87015E+00,+280E-06
+3.40020E+00,+12.86994E+00,+280E-06
+3.42520E+00,+12.86998E+00,+240E-06
+3.45020E+00,+12.87020E+00,+260E-06
+3.47520E+00,+12.87065E+00,+260E-06
+3.50020E+00,+12.87061E+00,+250E-06
+3.52520E+00,+12.87054E+00,+280E-06
+3.55020E+00,+12.87054E+00,+260E-06
+3.57520E+00,+12.87089E+00,+260E-06
+3.60020E+00,+12.87088E+00,+260E-06
+3.62520E+00,+12.87088E+00,+260E-06
+3.65020E+00,+12.87099E+00,+260E-06
+3.67520E+00,+12.87105E+00,+260E-06
+3.70020E+00,+12.87114E+00,+270E-06
+3.72520E+00,+12.87133E+00,+280E-06
+3.75020E+00,+12.87144E+00,+280E-06
+3.77520E+00,+12.87144E+00,+270E-06
+3.80020E+00,+12.87175E+00,+280E-06
+3.82520E+00,+12.87178E+00,+280E-06
+3.85020E+00,+12.87178E+00,+260E-06
+3.87520E+00,+12.87209E+00,+250E-06
+3.90020E+00,+12.87257E+00,+250E-06
+3.92520E+00,+12.87333E+00,+260E-06
+3.95020E+00,+12.87297E+00,+290E-06
+3.97520E+00,+12.87280E+00,+260E-06
+4.00020E+00,+12.87269E+00,+270E-06
+4.02520E+00,+12.87277E+00,+280E-06
+4.05020E+00,+12.87271E+00,+250E-06
+4.07520E+00,+12.87291E+00,+260E-06
+4.10020E+00,+12.87303E+00,+280E-06
+4.12520E+00,+12.87291E+00,+270E-06
+4.15020E+00,+12.87308E+00,+260E-06
+4.17520E+00,+12.87329E+00,+260E-06
+4.20020E+00,+12.87327E+00,+270E-06
+4.22520E+00,+12.87348E+00,+260E-06
+4.25020E+00,+12.87350E+00,+270E-06
+4.27520E+00,+12.87348E+00,+240E-06
+4.30020E+00,+12.87365E+00,+260E-06
+4.32520E+00,+12.87382E+00,+240E-06
+4.35020E+00,+12.87393E+00,+260E-06
+4.37520E+00,+12.87393E+00,+260E-06
+4.40020E+00,+12.87414E+00,+250E-06
+4.42520E+00,+12.87424E+00,+260E-06
+4.45020E+00,+12.87443E+00,+260E-06
+4.47520E+00,+12.87420E+00,+260E-06
+4.50020E+00,+12.87446E+00,+260E-06
+4.52520E+00,+12.87483E+00,+280E-06
+4.55020E+00,+12.87471E+00,+280E-06
+4.57520E+00,+12.87481E+00,+260E-06
+4.60020E+00,+12.87499E+00,+280E-06
+4.62520E+00,+12.87501E+00,+270E-06
+4.65020E+00,+12.87498E+00,+260E-06
+4.67520E+00,+12.87539E+00,+260E-06
+4.70020E+00,+12.87529E+00,+260E-06
+4.72520E+00,+12.87529E+00,+280E-06
+4.75020E+00,+12.87510E+00,+290E-06
+4.77520E+00,+12.87523E+00,+270E-06
+4.80020E+00,+12.87596E+00,+280E-06
+4.82520E+00,+12.87563E+00,+260E-06
+4.85020E+00,+12.87585E+00,+280E-06
+4.87520E+00,+12.87574E+00,+270E-06
+4.90020E+00,+12.87627E+00,+260E-06
+4.92520E+00,+12.87613E+00,+280E-06
+4.95020E+00,+12.87604E+00,+260E-06
+4.97520E+00,+12.87596E+00,+260E-06
+5.00020E+00,+12.87619E+00,+250E-06
+5.02520E+00,+12.87621E+00,+260E-06
+5.05020E+00,+12.87611E+00,+260E-06
+5.07520E+00,+12.87625E+00,+260E-06
+5.10020E+00,+12.87662E+00,+260E-06
+5.12520E+00,+12.87670E+00,+260E-06
+5.15020E+00,+12.87664E+00,+260E-06
+5.17520E+00,+12.87675E+00,+250E-06
+5.20020E+00,+12.87676E+00,+250E-06
+5.22520E+00,+12.87694E+00,+270E-06
+5.25020E+00,+12.87677E+00,+260E-06
+5.27520E+00,+12.87667E+00,+260E-06
+5.30020E+00,+12.87687E+00,+260E-06
+5.32520E+00,+12.87709E+00,+260E-06
+5.35020E+00,+12.87712E+00,+250E-06
+5.37520E+00,+12.87739E+00,+260E-06
+5.40020E+00,+12.87754E+00,+260E-06
+5.42520E+00,+12.87758E+00,+270E-06
+5.45020E+00,+12.87777E+00,+260E-06
+5.47520E+00,+12.87778E+00,+290E-06
+5.50020E+00,+12.87766E+00,+260E-06
+5.52520E+00,+12.87766E+00,+270E-06
+5.55020E+00,+12.87777E+00,+260E-06
+5.57520E+00,+12.87827E+00,+250E-06
+5.60020E+00,+12.87845E+00,+270E-06
+5.62520E+00,+12.87834E+00,+290E-06
+5.65020E+00,+12.87823E+00,+260E-06
+5.67520E+00,+12.87831E+00,+260E-06
+5.70020E+00,+12.87829E+00,+270E-06
+5.72520E+00,+12.87852E+00,+260E-06
+5.75020E+00,+12.87845E+00,+260E-06
+5.77520E+00,+12.87869E+00,+260E-06
+5.80020E+00,+12.87878E+00,+260E-06
+5.82520E+00,+12.87859E+00,+260E-06
+5.85020E+00,+12.87881E+00,+250E-06
+5.87520E+00,+12.87913E+00,+280E-06
+5.90020E+00,+12.87890E+00,+260E-06
+5.92520E+00,+12.87878E+00,+260E-06
+5.95020E+00,+12.87879E+00,+260E-06
+5.97520E+00,+12.87920E+00,+260E-06
+6.00020E+00,+12.87932E+00,+270E-06
+6.02520E+00,+12.87942E+00,+270E-06
+6.05020E+00,+12.87936E+00,+280E-06
+6.07520E+00,+12.87915E+00,+260E-06
+6.10020E+00,+12.87936E+00,+280E-06
+6.12520E+00,+12.87968E+00,+260E-06
+6.15020E+00,+12.87962E+00,+280E-06
+6.17520E+00,+12.87959E+00,+240E-06
+6.20020E+00,+12.88022E+00,+260E-06
+6.22520E+00,+12.87999E+00,+260E-06
+6.25020E+00,+12.88004E+00,+280E-06
+6.27520E+00,+12.87991E+00,+270E-06
+6.30020E+00,+12.88004E+00,+250E-06
+6.32520E+00,+12.88020E+00,+260E-06
+6.35020E+00,+12.88010E+00,+260E-06
+6.37520E+00,+12.88001E+00,+250E-06
+6.40020E+00,+12.87992E+00,+250E-06
+6.42520E+00,+12.88035E+00,+250E-06
+6.45020E+00,+12.88066E+00,+250E-06
+6.47520E+00,+12.88055E+00,+250E-06
+6.50020E+00,+12.88066E+00,+260E-06
+6.52520E+00,+12.88046E+00,+250E-06
+6.55020E+00,+12.88061E+00,+250E-06
+6.57520E+00,+12.88093E+00,+250E-06
+6.60020E+00,+12.88083E+00,+250E-06
+6.62520E+00,+12.88060E+00,+250E-06
+6.65020E+00,+12.88099E+00,+260E-06
+6.67520E+00,+12.88109E+00,+270E-06
+6.70020E+00,+12.88105E+00,+260E-06
+6.72520E+00,+12.88116E+00,+260E-06
+6.75020E+00,+12.88119E+00,+250E-06
+6.77520E+00,+12.88117E+00,+240E-06
+6.80020E+00,+12.88122E+00,+250E-06
+6.82520E+00,+12.88124E+00,+250E-06
+6.85020E+00,+12.88151E+00,+270E-06
+6.87520E+00,+12.88139E+00,+260E-06
+6.90020E+00,+12.88117E+00,+260E-06
+6.92520E+00,+12.88117E+00,+270E-06
+6.95020E+00,+12.88117E+00,+260E-06
+6.97520E+00,+12.88155E+00,+250E-06
+7.00020E+00,+12.88164E+00,+230E-06
+7.02520E+00,+12.88219E+00,+240E-06
+7.05020E+00,+12.88220E+00,+250E-06
+7.07520E+00,+12.88218E+00,+250E-06
+7.10020E+00,+12.88214E+00,+260E-06
+7.12520E+00,+12.88180E+00,+260E-06
+7.15020E+00,+12.88176E+00,+260E-06
+7.17520E+00,+12.88174E+00,+260E-06
+7.20020E+00,+12.88217E+00,+260E-06
+7.22520E+00,+12.88230E+00,+260E-06
+7.25020E+00,+12.88223E+00,+260E-06
+7.27520E+00,+12.88230E+00,+280E-06
+7.30020E+00,+12.88233E+00,+280E-06
+7.32520E+00,+12.88265E+00,+280E-06
+7.35020E+00,+12.88264E+00,+260E-06
+7.37520E+00,+12.88264E+00,+270E-06
+7.40020E+00,+12.88260E+00,+260E-06
+7.42520E+00,+12.88275E+00,+260E-06
+7.45020E+00,+12.88256E+00,+260E-06
+7.47520E+00,+12.88254E+00,+250E-06
+7.50020E+00,+12.88286E+00,+260E-06
+7.52520E+00,+12.88307E+00,+260E-06
+7.55020E+00,+12.88320E+00,+260E-06
+7.57520E+00,+12.88304E+00,+270E-06
+7.60020E+00,+12.88316E+00,+260E-06
+7.62520E+00,+12.88297E+00,+260E-06
+7.65020E+00,+12.88298E+00,+240E-06
+7.67520E+00,+12.88320E+00,+250E-06
+7.70020E+00,+12.88334E+00,+250E-06
+7.72520E+00,+12.88320E+00,+240E-06
+7.75020E+00,+12.88349E+00,+260E-06
+7.77520E+00,+12.88328E+00,+260E-06
+7.80020E+00,+12.88333E+00,+250E-06
+7.82520E+00,+12.88366E+00,+260E-06
+7.85020E+00,+12.88356E+00,+250E-06
+7.87520E+00,+12.88361E+00,+240E-06
+7.90020E+00,+12.88377E+00,+250E-06
+7.92520E+00,+12.88362E+00,+260E-06
+7.95020E+00,+12.88375E+00,+250E-06
+7.97520E+00,+12.88388E+00,+260E-06
+8.00020E+00,+12.88377E+00,+250E-06
+8.02520E+00,+12.88414E+00,+260E-06
+8.05020E+00,+12.88405E+00,+260E-06
+8.07520E+00,+12.88426E+00,+280E-06
+8.10020E+00,+12.88411E+00,+260E-06
+8.12520E+00,+12.88433E+00,+260E-06
+8.15020E+00,+12.88423E+00,+260E-06
+8.17520E+00,+12.88444E+00,+280E-06
+8.20020E+00,+12.88456E+00,+260E-06
+8.22520E+00,+12.88444E+00,+260E-06
+8.25020E+00,+12.88444E+00,+260E-06
+8.27520E+00,+12.88457E+00,+250E-06
+8.30020E+00,+12.88489E+00,+260E-06
+8.32520E+00,+12.88456E+00,+260E-06
+8.35020E+00,+12.88451E+00,+250E-06
+8.37520E+00,+12.88499E+00,+250E-06
+8.40020E+00,+12.88529E+00,+260E-06
+8.42520E+00,+12.88478E+00,+260E-06
+8.45020E+00,+12.88467E+00,+250E-06
+8.47520E+00,+12.88481E+00,+260E-06
+8.50020E+00,+12.88486E+00,+250E-06
+8.52520E+00,+12.88512E+00,+260E-06
+8.55020E+00,+12.88501E+00,+250E-06
+8.57520E+00,+12.88499E+00,+260E-06
+8.60020E+00,+12.88512E+00,+250E-06
+8.62520E+00,+12.88514E+00,+260E-06
+8.65020E+00,+12.88524E+00,+250E-06
+8.67520E+00,+12.88535E+00,+260E-06
+8.70020E+00,+12.88524E+00,+260E-06
+8.72520E+00,+12.88560E+00,+250E-06
+8.75020E+00,+12.88569E+00,+260E-06
+8.77520E+00,+12.88556E+00,+250E-06
+8.80020E+00,+12.88591E+00,+260E-06
+8.82520E+00,+12.88580E+00,+240E-06
+8.85020E+00,+12.88610E+00,+260E-06
+8.87520E+00,+12.88580E+00,+270E-06
+8.90020E+00,+12.88614E+00,+260E-06
+8.92520E+00,+12.88615E+00,+260E-06
+8.95020E+00,+12.88625E+00,+260E-06
+8.97520E+00,+12.88630E+00,+260E-06
+9.00020E+00,+12.88614E+00,+280E-06
+9.02520E+00,+12.88580E+00,+260E-06
+9.05020E+00,+12.88593E+00,+260E-06
+9.07520E+00,+12.88591E+00,+250E-06
+9.10020E+00,+12.88603E+00,+250E-06
+9.12520E+00,+12.88599E+00,+260E-06
+9.15020E+00,+12.88591E+00,+260E-06
+9.17520E+00,+12.88622E+00,+260E-06
+9.20020E+00,+12.88617E+00,+270E-06
+9.22520E+00,+12.88659E+00,+260E-06
+9.25020E+00,+12.88659E+00,+280E-06
+9.27520E+00,+12.88667E+00,+280E-06
+9.30020E+00,+12.88659E+00,+280E-06
+9.32520E+00,+12.88667E+00,+280E-06
+9.35020E+00,+12.88659E+00,+260E-06
+9.37520E+00,+12.88693E+00,+260E-06
+9.40020E+00,+12.88693E+00,+270E-06
+9.42520E+00,+12.88682E+00,+250E-06
+9.45020E+00,+12.88699E+00,+260E-06
+9.47520E+00,+12.88709E+00,+260E-06
+9.50020E+00,+12.88747E+00,+270E-06
+9.52520E+00,+12.88726E+00,+280E-06
+9.55020E+00,+12.88705E+00,+260E-06
+9.57520E+00,+12.88705E+00,+260E-06
+9.60020E+00,+12.88700E+00,+270E-06
+9.62520E+00,+12.88705E+00,+260E-06
+9.65020E+00,+12.88727E+00,+250E-06
+9.67520E+00,+12.88749E+00,+260E-06
+9.70020E+00,+12.88761E+00,+280E-06
+9.72520E+00,+12.88750E+00,+270E-06
+9.75020E+00,+12.88738E+00,+270E-06
+9.77520E+00,+12.88744E+00,+260E-06
+9.80020E+00,+12.88738E+00,+250E-06
+9.82520E+00,+12.88774E+00,+250E-06
+9.85020E+00,+12.88784E+00,+280E-06
+9.87520E+00,+12.88748E+00,+250E-06
+9.90020E+00,+12.88769E+00,+270E-06
+9.92520E+00,+12.88755E+00,+270E-06
+9.95020E+00,+12.88750E+00,+250E-06
+9.97520E+00,+12.88772E+00,+260E-06
+10.00020E+00,+12.88772E+00,+280E-06
+10.02520E+00,+12.88760E+00,+250E-06
+10.05020E+00,+12.88777E+00,+250E-06
+10.07520E+00,+12.88813E+00,+260E-06
+10.10020E+00,+12.88818E+00,+260E-06
+10.12520E+00,+12.88806E+00,+260E-06
+10.15020E+00,+12.88808E+00,+280E-06
+10.17520E+00,+12.88795E+00,+250E-06
+10.20020E+00,+12.88829E+00,+250E-06
+10.22520E+00,+12.88818E+00,+270E-06
+10.25020E+00,+12.88811E+00,+260E-06
+10.27520E+00,+12.88826E+00,+250E-06
+10.30020E+00,+12.88815E+00,+260E-06
+10.32520E+00,+12.88795E+00,+250E-06
+10.35020E+00,+12.88813E+00,+260E-06
+10.37520E+00,+12.88847E+00,+260E-06
+10.40020E+00,+12.88880E+00,+260E-06
+10.42520E+00,+12.88863E+00,+260E-06
+10.45020E+00,+12.88850E+00,+260E-06
+10.47520E+00,+12.88851E+00,+240E-06
+10.50020E+00,+12.88852E+00,+250E-06
+10.52520E+00,+12.88848E+00,+240E-06
+10.55020E+00,+12.88874E+00,+260E-06
+10.57520E+00,+12.88874E+00,+260E-06
+10.60020E+00,+12.88897E+00,+250E-06
+10.62520E+00,+12.88897E+00,+260E-06
+10.65020E+00,+12.88885E+00,+260E-06
+10.67520E+00,+12.88882E+00,+250E-06
+10.70020E+00,+12.88902E+00,+260E-06
+10.72520E+00,+12.88881E+00,+250E-06
+10.75020E+00,+12.88899E+00,+250E-06
+10.77520E+00,+12.88942E+00,+260E-06
+10.80020E+00,+12.88952E+00,+280E-06
+10.82520E+00,+12.88962E+00,+280E-06
+10.85020E+00,+12.88931E+00,+280E-06
+10.87520E+00,+12.88958E+00,+260E-06
+10.90020E+00,+12.88950E+00,+250E-06
+10.92520E+00,+12.88942E+00,+260E-06
+10.95020E+00,+12.88920E+00,+260E-06
+10.97520E+00,+12.88919E+00,+270E-06
+11.00020E+00,+12.88912E+00,+260E-06
+11.02520E+00,+12.88931E+00,+260E-06
+11.05020E+00,+12.88919E+00,+260E-06
+11.07520E+00,+12.88932E+00,+250E-06
+11.10020E+00,+12.88942E+00,+250E-06
+11.12520E+00,+12.88944E+00,+260E-06
+11.15020E+00,+12.88942E+00,+250E-06
+11.17520E+00,+12.88936E+00,+250E-06
+11.20020E+00,+12.88942E+00,+250E-06
+11.22520E+00,+12.88989E+00,+260E-06
+11.25020E+00,+12.88987E+00,+260E-06
+11.27520E+00,+12.88997E+00,+270E-06
+11.30020E+00,+12.88999E+00,+260E-06
+11.32520E+00,+12.88987E+00,+280E-06
+11.35020E+00,+12.88999E+00,+280E-06
+11.37520E+00,+12.88993E+00,+290E-06
+11.40020E+00,+12.88966E+00,+260E-06
+11.42520E+00,+12.88976E+00,+260E-06
+11.45020E+00,+12.88984E+00,+260E-06
+11.47520E+00,+12.89021E+00,+260E-06
+11.50020E+00,+12.89005E+00,+280E-06
+11.52520E+00,+12.88995E+00,+280E-06
+11.55020E+00,+12.89001E+00,+260E-06
+11.57520E+00,+12.89021E+00,+260E-06
+11.60020E+00,+12.89012E+00,+270E-06
+11.62520E+00,+12.89025E+00,+260E-06
+11.65020E+00,+12.89032E+00,+280E-06
+11.67520E+00,+12.89047E+00,+280E-06
+11.70020E+00,+12.89045E+00,+260E-06
+11.72520E+00,+12.89055E+00,+260E-06
+11.75020E+00,+12.89055E+00,+260E-06
+11.77520E+00,+12.89055E+00,+280E-06
+11.80020E+00,+12.89044E+00,+260E-06
+11.82520E+00,+12.89040E+00,+250E-06
+11.85020E+00,+12.89055E+00,+250E-06
+11.87520E+00,+12.89078E+00,+280E-06
+11.90020E+00,+12.89076E+00,+280E-06
+11.92520E+00,+12.89055E+00,+290E-06
+11.95020E+00,+12.89071E+00,+280E-06
+11.97520E+00,+12.89062E+00,+270E-06
+12.00020E+00,+12.89035E+00,+250E-06
+12.02520E+00,+12.89057E+00,+260E-06
+12.05020E+00,+12.89066E+00,+280E-06
+12.07520E+00,+12.89075E+00,+280E-06
+12.10020E+00,+12.89062E+00,+260E-06
+12.12520E+00,+12.89079E+00,+270E-06
+12.15020E+00,+12.89069E+00,+260E-06
+12.17520E+00,+12.89102E+00,+250E-06
+12.20020E+00,+12.89134E+00,+260E-06
+12.22520E+00,+12.89137E+00,+280E-06
+12.25020E+00,+12.89123E+00,+270E-06
+12.27520E+00,+12.89118E+00,+260E-06
+12.30020E+00,+12.89108E+00,+260E-06
+12.32520E+00,+12.89100E+00,+260E-06
+12.35020E+00,+12.89100E+00,+250E-06
+12.37520E+00,+12.89112E+00,+260E-06
+12.40020E+00,+12.89112E+00,+270E-06
+12.42520E+00,+12.89140E+00,+260E-06
+12.45020E+00,+12.89157E+00,+280E-06
+12.47520E+00,+12.89121E+00,+260E-06
+12.50020E+00,+12.89157E+00,+250E-06
+12.52520E+00,+12.89170E+00,+260E-06
+12.55020E+00,+12.89168E+00,+260E-06
+12.57520E+00,+12.89162E+00,+270E-06
+12.60020E+00,+12.89152E+00,+270E-06
+12.62520E+00,+12.89165E+00,+270E-06
+12.65020E+00,+12.89158E+00,+280E-06
+12.67520E+00,+12.89178E+00,+250E-06
+12.70020E+00,+12.89171E+00,+260E-06
+12.72520E+00,+12.89220E+00,+260E-06
+12.75020E+00,+12.89197E+00,+270E-06
+12.77520E+00,+12.89176E+00,+250E-06
+12.80020E+00,+12.89168E+00,+250E-06
+12.82520E+00,+12.89179E+00,+250E-06
+12.85020E+00,+12.89179E+00,+270E-06
+12.87520E+00,+12.89202E+00,+280E-06
+12.90020E+00,+12.89196E+00,+280E-06
+12.92520E+00,+12.89206E+00,+250E-06
+12.95020E+00,+12.89225E+00,+280E-06
+12.97520E+00,+12.89236E+00,+280E-06
+13.00020E+00,+12.89215E+00,+280E-06
+13.02520E+00,+12.89213E+00,+280E-06
+13.05020E+00,+12.89219E+00,+260E-06
+13.07520E+00,+12.89247E+00,+260E-06
+13.10020E+00,+12.89234E+00,+280E-06
+13.12520E+00,+12.89213E+00,+260E-06
+13.15020E+00,+12.89213E+00,+250E-06
+13.17520E+00,+12.89210E+00,+260E-06
+13.20020E+00,+12.89242E+00,+260E-06
+13.22520E+00,+12.89243E+00,+270E-06
+13.25020E+00,+12.89239E+00,+260E-06
+13.27520E+00,+12.89259E+00,+280E-06
+13.30020E+00,+12.89259E+00,+260E-06
+13.32520E+00,+12.89259E+00,+280E-06
+13.35020E+00,+12.89241E+00,+270E-06
+13.37520E+00,+12.89236E+00,+280E-06
+13.40020E+00,+12.89247E+00,+280E-06
+13.42520E+00,+12.89271E+00,+270E-06
+13.45020E+00,+12.89259E+00,+260E-06
+13.47520E+00,+12.89256E+00,+270E-06
+13.50020E+00,+12.89280E+00,+260E-06
+13.52520E+00,+12.89276E+00,+280E-06
+13.55020E+00,+12.89270E+00,+280E-06
+13.57520E+00,+12.89272E+00,+250E-06
+13.60020E+00,+12.89281E+00,+250E-06
+13.62520E+00,+12.89323E+00,+270E-06
+13.65020E+00,+12.89326E+00,+280E-06
+13.67520E+00,+12.89292E+00,+260E-06
+13.70020E+00,+12.89281E+00,+260E-06
+13.72520E+00,+12.89272E+00,+260E-06
+13.75020E+00,+12.89293E+00,+260E-06
+13.77520E+00,+12.89326E+00,+260E-06
+13.80020E+00,+12.89342E+00,+250E-06
+13.82520E+00,+12.89331E+00,+280E-06
+13.85020E+00,+12.89315E+00,+270E-06
+13.87520E+00,+12.89312E+00,+280E-06
+13.90020E+00,+12.89305E+00,+250E-06
+13.92520E+00,+12.89315E+00,+260E-06
+13.95020E+00,+12.89304E+00,+270E-06
+13.97520E+00,+12.89299E+00,+250E-06
+14.00020E+00,+12.89320E+00,+260E-06
+14.02520E+00,+12.89335E+00,+280E-06
+14.05020E+00,+12.89316E+00,+280E-06
+14.07520E+00,+12.89349E+00,+260E-06
+14.10020E+00,+12.89351E+00,+250E-06
+14.12520E+00,+12.89379E+00,+260E-06
+14.15020E+00,+12.89395E+00,+280E-06
+14.17520E+00,+12.89386E+00,+280E-06
+14.20020E+00,+12.89383E+00,+260E-06
+14.22520E+00,+12.89372E+00,+260E-06
+14.25020E+00,+12.89360E+00,+270E-06
+14.27520E+00,+12.89357E+00,+280E-06
+14.30020E+00,+12.89372E+00,+270E-06
+14.32520E+00,+12.89372E+00,+270E-06
+14.35020E+00,+12.89374E+00,+280E-06
+14.37520E+00,+12.89383E+00,+280E-06
+14.40020E+00,+12.89381E+00,+280E-06
+14.42520E+00,+12.89394E+00,+280E-06
+14.45020E+00,+12.89378E+00,+270E-06
+14.47520E+00,+12.89372E+00,+270E-06
+14.50020E+00,+12.89408E+00,+280E-06
+14.52520E+00,+12.89417E+00,+290E-06
+14.55020E+00,+12.89406E+00,+280E-06
+14.57520E+00,+12.89391E+00,+270E-06
+14.60020E+00,+12.89394E+00,+260E-06
+14.62520E+00,+12.89449E+00,+250E-06
+14.65020E+00,+12.89476E+00,+280E-06
+14.67520E+00,+12.89441E+00,+280E-06
+14.70020E+00,+12.89429E+00,+290E-06
+14.72520E+00,+12.89428E+00,+290E-06
+14.75020E+00,+12.89444E+00,+290E-06
+14.77520E+00,+12.89412E+00,+280E-06
+14.80020E+00,+12.89409E+00,+270E-06
+14.82520E+00,+12.89406E+00,+260E-06
+14.85020E+00,+12.89439E+00,+260E-06
+14.87520E+00,+12.89451E+00,+280E-06
+14.90020E+00,+12.89432E+00,+280E-06
+14.92520E+00,+12.89445E+00,+270E-06
+14.95020E+00,+12.89451E+00,+280E-06
+14.97520E+00,+12.89462E+00,+260E-06
+15.00020E+00,+12.89451E+00,+280E-06
+15.02520E+00,+12.89441E+00,+290E-06
+15.05020E+00,+12.89428E+00,+290E-06
+15.07520E+00,+12.89446E+00,+280E-06
+15.10020E+00,+12.89435E+00,+260E-06
+15.12520E+00,+12.89442E+00,+250E-06
+15.15020E+00,+12.89462E+00,+260E-06
+15.17520E+00,+12.89472E+00,+280E-06
+15.20020E+00,+12.89473E+00,+260E-06
+15.22520E+00,+12.89473E+00,+260E-06
+15.25020E+00,+12.89485E+00,+260E-06
+15.27520E+00,+12.89527E+00,+290E-06
+15.30020E+00,+12.89541E+00,+280E-06
+15.32520E+00,+12.89530E+00,+290E-06
+15.35020E+00,+12.89519E+00,+260E-06
+15.37520E+00,+12.89507E+00,+280E-06
+15.40020E+00,+12.89502E+00,+270E-06
+15.42520E+00,+12.89473E+00,+250E-06
+15.45020E+00,+12.89473E+00,+270E-06
+15.47520E+00,+12.89485E+00,+260E-06
+15.50020E+00,+12.89483E+00,+260E-06
+15.52520E+00,+12.89515E+00,+260E-06
+15.55020E+00,+12.89536E+00,+280E-06
+15.57520E+00,+12.89507E+00,+270E-06
+15.60020E+00,+12.89516E+00,+280E-06
+15.62520E+00,+12.89541E+00,+280E-06
+15.65020E+00,+12.89551E+00,+290E-06
+15.67520E+00,+12.89530E+00,+280E-06
+15.70020E+00,+12.89507E+00,+280E-06
+15.72520E+00,+12.89519E+00,+280E-06
+15.75020E+00,+12.89519E+00,+280E-06
+15.77520E+00,+12.89531E+00,+280E-06
+15.80020E+00,+12.89563E+00,+290E-06
+15.82520E+00,+12.89561E+00,+270E-06
+15.85020E+00,+12.89564E+00,+280E-06
+15.87520E+00,+12.89564E+00,+260E-06
+15.90020E+00,+12.89561E+00,+280E-06
+15.92520E+00,+12.89541E+00,+270E-06
+15.95020E+00,+12.89553E+00,+260E-06
+15.97520E+00,+12.89573E+00,+290E-06
+16.00020E+00,+12.89568E+00,+260E-06
+16.02520E+00,+12.89559E+00,+260E-06
+16.05020E+00,+12.89575E+00,+250E-06
+16.07520E+00,+12.89573E+00,+260E-06
+16.10020E+00,+12.89586E+00,+260E-06
+16.12520E+00,+12.89575E+00,+250E-06
+16.15020E+00,+12.89594E+00,+260E-06
+16.17520E+00,+12.89592E+00,+280E-06
+16.20020E+00,+12.89556E+00,+280E-06
+16.22520E+00,+12.89546E+00,+250E-06
+16.25020E+00,+12.89609E+00,+260E-06
+16.27520E+00,+12.89586E+00,+270E-06
+16.30020E+00,+12.89578E+00,+270E-06
+16.32520E+00,+12.89592E+00,+270E-06
+16.35020E+00,+12.89613E+00,+270E-06
+16.37520E+00,+12.89598E+00,+260E-06
+16.40020E+00,+12.89599E+00,+250E-06
+16.42520E+00,+12.89598E+00,+280E-06
+16.45020E+00,+12.89595E+00,+260E-06
+16.47520E+00,+12.89609E+00,+280E-06
+16.50020E+00,+12.89614E+00,+260E-06
+16.52520E+00,+12.89598E+00,+270E-06
+16.55020E+00,+12.89609E+00,+260E-06
+16.57520E+00,+12.89609E+00,+260E-06
+16.60020E+00,+12.89629E+00,+260E-06
+16.62520E+00,+12.89625E+00,+270E-06
+16.65020E+00,+12.89626E+00,+260E-06
+16.67520E+00,+12.89643E+00,+280E-06
+16.70020E+00,+12.89632E+00,+260E-06
+16.72520E+00,+12.89654E+00,+250E-06
+16.75020E+00,+12.89634E+00,+250E-06
+16.77520E+00,+12.89677E+00,+270E-06
+16.80020E+00,+12.89654E+00,+280E-06
+16.82520E+00,+12.89643E+00,+280E-06
+16.85020E+00,+12.89652E+00,+260E-06
+16.87520E+00,+12.89654E+00,+260E-06
+16.90020E+00,+12.89677E+00,+280E-06
+16.92520E+00,+12.89688E+00,+280E-06
+16.95020E+00,+12.89659E+00,+280E-06
+16.97520E+00,+12.89666E+00,+260E-06
+17.00020E+00,+12.89677E+00,+260E-06
+17.02520E+00,+12.89654E+00,+280E-06
+17.05020E+00,+12.89654E+00,+260E-06
+17.07520E+00,+12.89685E+00,+250E-06
+17.10020E+00,+12.89700E+00,+260E-06
+17.12520E+00,+12.89688E+00,+290E-06
+17.15020E+00,+12.89688E+00,+280E-06
+17.17520E+00,+12.89679E+00,+260E-06
+17.20020E+00,+12.89688E+00,+280E-06
+17.22520E+00,+12.89677E+00,+260E-06
+17.25020E+00,+12.89688E+00,+250E-06
+17.27520E+00,+12.89694E+00,+260E-06
+17.30020E+00,+12.89688E+00,+260E-06
+17.32520E+00,+12.89677E+00,+270E-06
+17.35020E+00,+12.89688E+00,+260E-06
+17.37520E+00,+12.89698E+00,+290E-06
+17.40020E+00,+12.89692E+00,+280E-06
+17.42520E+00,+12.89688E+00,+270E-06
+17.45020E+00,+12.89688E+00,+280E-06
+17.47520E+00,+12.89690E+00,+260E-06
+17.50020E+00,+12.89711E+00,+260E-06
+17.52520E+00,+12.89711E+00,+270E-06
+17.55020E+00,+12.89719E+00,+250E-06
+17.57520E+00,+12.89756E+00,+260E-06
+17.60020E+00,+12.89756E+00,+270E-06
+17.62520E+00,+12.89736E+00,+260E-06
+17.65020E+00,+12.89767E+00,+280E-06
+17.67520E+00,+12.89745E+00,+280E-06
+17.70020E+00,+12.89714E+00,+270E-06
+17.72520E+00,+12.89706E+00,+270E-06
+17.75020E+00,+12.89716E+00,+260E-06
+17.77520E+00,+12.89733E+00,+260E-06
+17.80020E+00,+12.89757E+00,+270E-06
+17.82520E+00,+12.89745E+00,+260E-06
+17.85020E+00,+12.89745E+00,+260E-06
+17.87520E+00,+12.89741E+00,+260E-06
+17.90020E+00,+12.89745E+00,+280E-06
+17.92520E+00,+12.89741E+00,+280E-06
+17.95020E+00,+12.89714E+00,+260E-06
+17.97520E+00,+12.89733E+00,+260E-06
+18.00020E+00,+12.89745E+00,+270E-06
+18.02520E+00,+12.89764E+00,+270E-06
+18.05020E+00,+12.89745E+00,+270E-06
+18.07520E+00,+12.89729E+00,+260E-06
+18.10020E+00,+12.89745E+00,+270E-06
+18.12520E+00,+12.89745E+00,+250E-06
+18.15020E+00,+12.89766E+00,+260E-06
+18.17520E+00,+12.89756E+00,+260E-06
+18.20020E+00,+12.89767E+00,+260E-06
+18.22520E+00,+12.89760E+00,+260E-06
+18.25020E+00,+12.89770E+00,+270E-06
+18.27520E+00,+12.89767E+00,+260E-06
+18.30020E+00,+12.89757E+00,+260E-06
+18.32520E+00,+12.89804E+00,+290E-06
+18.35020E+00,+12.89813E+00,+300E-06
+18.37520E+00,+12.89829E+00,+280E-06
+18.40020E+00,+12.89824E+00,+290E-06
+18.42520E+00,+12.89801E+00,+270E-06
+18.45020E+00,+12.89812E+00,+250E-06
+18.47520E+00,+12.89813E+00,+260E-06
+18.50020E+00,+12.89790E+00,+270E-06
+18.52520E+00,+12.89767E+00,+260E-06
+18.55020E+00,+12.89809E+00,+260E-06
+18.57520E+00,+12.89837E+00,+250E-06
+18.60020E+00,+12.89847E+00,+280E-06
+18.62520E+00,+12.89813E+00,+280E-06
+18.65020E+00,+12.89805E+00,+290E-06
+18.67520E+00,+12.89801E+00,+290E-06
+18.70020E+00,+12.89797E+00,+280E-06
+18.72520E+00,+12.89792E+00,+280E-06
+18.75020E+00,+12.89813E+00,+260E-06
+18.77520E+00,+12.89832E+00,+250E-06
+18.80020E+00,+12.89892E+00,+260E-06
+18.82520E+00,+12.89862E+00,+290E-06
+18.85020E+00,+12.89824E+00,+280E-06
+18.87520E+00,+12.89810E+00,+280E-06
+18.90020E+00,+12.89813E+00,+280E-06
+18.92520E+00,+12.89823E+00,+250E-06
+18.95020E+00,+12.89824E+00,+250E-06
+18.97520E+00,+12.89869E+00,+270E-06
+19.00020E+00,+12.89846E+00,+280E-06
+19.02520E+00,+12.89850E+00,+270E-06
+19.05020E+00,+12.89848E+00,+260E-06
+19.07520E+00,+12.89835E+00,+280E-06
+19.10020E+00,+12.89833E+00,+280E-06
+19.12520E+00,+12.89869E+00,+280E-06
+19.15020E+00,+12.89852E+00,+280E-06
+19.17520E+00,+12.89861E+00,+280E-06
+19.20020E+00,+12.89858E+00,+280E-06
+19.22520E+00,+12.89869E+00,+260E-06
+19.25020E+00,+12.89869E+00,+280E-06
+19.27520E+00,+12.89850E+00,+280E-06
+19.30020E+00,+12.89829E+00,+260E-06
+19.32520E+00,+12.89824E+00,+250E-06
+19.35020E+00,+12.89858E+00,+260E-06
+19.37520E+00,+12.89880E+00,+260E-06
+19.40020E+00,+12.89882E+00,+260E-06
+19.42520E+00,+12.89884E+00,+260E-06
+19.45020E+00,+12.89892E+00,+250E-06
+19.47520E+00,+12.89919E+00,+260E-06
+19.50020E+00,+12.89912E+00,+280E-06
+19.52520E+00,+12.89859E+00,+280E-06
+19.55020E+00,+12.89859E+00,+250E-06
+19.57520E+00,+12.89883E+00,+260E-06
+19.60020E+00,+12.89880E+00,+280E-06
+19.62520E+00,+12.89885E+00,+260E-06
+19.65020E+00,+12.89869E+00,+270E-06
+19.67520E+00,+12.89893E+00,+260E-06
+19.70020E+00,+12.89892E+00,+280E-06
+19.72520E+00,+12.89871E+00,+280E-06
+19.75020E+00,+12.89854E+00,+260E-06
+19.77520E+00,+12.89914E+00,+270E-06
+19.80020E+00,+12.89895E+00,+280E-06
+19.82520E+00,+12.89903E+00,+290E-06
+19.85020E+00,+12.89914E+00,+280E-06
+19.87520E+00,+12.89914E+00,+280E-06
+19.90020E+00,+12.89922E+00,+260E-06
+19.92520E+00,+12.89914E+00,+280E-06
+19.95020E+00,+12.89922E+00,+260E-06
+19.97520E+00,+12.89948E+00,+270E-06
+20.00020E+00,+12.89926E+00,+260E-06
+20.02520E+00,+12.89917E+00,+270E-06
+20.05020E+00,+12.89911E+00,+260E-06
+20.07520E+00,+12.89914E+00,+260E-06
+20.10020E+00,+12.89937E+00,+280E-06
+20.12520E+00,+12.89926E+00,+270E-06
+20.15020E+00,+12.89926E+00,+260E-06
+20.17520E+00,+12.89947E+00,+250E-06
+20.20020E+00,+12.89979E+00,+250E-06
+20.22520E+00,+12.89969E+00,+250E-06
+20.25020E+00,+12.89958E+00,+260E-06
+20.27520E+00,+12.89945E+00,+280E-06
+20.30020E+00,+12.89927E+00,+260E-06
+20.32520E+00,+12.89948E+00,+260E-06
+20.35020E+00,+12.89928E+00,+250E-06
+20.37520E+00,+12.89951E+00,+260E-06
+20.40020E+00,+12.89966E+00,+260E-06
+20.42520E+00,+12.89948E+00,+260E-06
+20.45020E+00,+12.89948E+00,+250E-06
+20.47520E+00,+12.89960E+00,+260E-06
+20.50020E+00,+12.89992E+00,+250E-06
+20.52520E+00,+12.89982E+00,+260E-06
+20.55020E+00,+12.89976E+00,+260E-06
+20.57520E+00,+12.89933E+00,+250E-06
+20.60020E+00,+12.89939E+00,+240E-06
+20.62520E+00,+12.89960E+00,+250E-06
+20.65020E+00,+12.89981E+00,+260E-06
+20.67520E+00,+12.89971E+00,+250E-06
+20.70020E+00,+12.89982E+00,+250E-06
+20.72520E+00,+12.90000E+00,+260E-06
+20.75020E+00,+12.89985E+00,+260E-06
+20.77520E+00,+12.90005E+00,+250E-06
+20.80020E+00,+12.89984E+00,+260E-06
+20.82520E+00,+12.89993E+00,+250E-06
+20.85020E+00,+12.89982E+00,+260E-06
+20.87520E+00,+12.89982E+00,+260E-06
+20.90020E+00,+12.89971E+00,+260E-06
+20.92520E+00,+12.89982E+00,+260E-06
+20.95020E+00,+12.89971E+00,+260E-06
+20.97520E+00,+12.89957E+00,+250E-06
+21.00020E+00,+12.89989E+00,+250E-06
+21.02520E+00,+12.89988E+00,+260E-06
+21.05020E+00,+12.89974E+00,+260E-06
+21.07520E+00,+12.89993E+00,+260E-06
+21.10020E+00,+12.89993E+00,+280E-06
+21.12520E+00,+12.89973E+00,+240E-06
+21.15020E+00,+12.90054E+00,+260E-06
+21.17520E+00,+12.90033E+00,+280E-06
+21.20020E+00,+12.90023E+00,+260E-06
+21.22520E+00,+12.90014E+00,+280E-06
+21.25020E+00,+12.89982E+00,+260E-06
+21.27520E+00,+12.89993E+00,+260E-06
+21.30020E+00,+12.90005E+00,+260E-06
+21.32520E+00,+12.90004E+00,+250E-06
+21.35020E+00,+12.90021E+00,+260E-06
+21.37520E+00,+12.90005E+00,+260E-06
+21.40020E+00,+12.90004E+00,+260E-06
+21.42520E+00,+12.90014E+00,+260E-06
+21.45020E+00,+12.89985E+00,+250E-06
+21.47520E+00,+12.90016E+00,+250E-06
+21.50020E+00,+12.90034E+00,+260E-06
+21.52520E+00,+12.90042E+00,+260E-06
+21.55020E+00,+12.90039E+00,+260E-06
+21.57520E+00,+12.90027E+00,+260E-06
+21.60020E+00,+12.90048E+00,+260E-06
+21.62520E+00,+12.90032E+00,+270E-06
+21.65020E+00,+12.90050E+00,+250E-06
+21.67520E+00,+12.90065E+00,+260E-06
+21.70020E+00,+12.90094E+00,+260E-06
+21.72520E+00,+12.90084E+00,+260E-06
+21.75020E+00,+12.90086E+00,+270E-06
+21.77520E+00,+12.90042E+00,+260E-06
+21.80020E+00,+12.90044E+00,+260E-06
+21.82520E+00,+12.90031E+00,+260E-06
+21.85020E+00,+12.90041E+00,+260E-06
+21.87520E+00,+12.90050E+00,+260E-06
+21.90020E+00,+12.90039E+00,+260E-06
+21.92520E+00,+12.90050E+00,+250E-06
+21.95020E+00,+12.90056E+00,+260E-06
+21.97520E+00,+12.90054E+00,+260E-06
+22.00020E+00,+12.90059E+00,+260E-06
+22.02520E+00,+12.90040E+00,+260E-06
+22.05020E+00,+12.90061E+00,+260E-06
+22.07520E+00,+12.90050E+00,+250E-06
+22.10020E+00,+12.90077E+00,+260E-06
+22.12520E+00,+12.90089E+00,+270E-06
+22.15020E+00,+12.90084E+00,+250E-06
+22.17520E+00,+12.90096E+00,+260E-06
+22.20020E+00,+12.90096E+00,+260E-06
+22.22520E+00,+12.90109E+00,+260E-06
+22.25020E+00,+12.90136E+00,+270E-06
+22.27520E+00,+12.90107E+00,+260E-06
+22.30020E+00,+12.90118E+00,+250E-06
+22.32520E+00,+12.90152E+00,+250E-06
+22.35020E+00,+12.90152E+00,+260E-06
+22.37520E+00,+12.90107E+00,+280E-06
+22.40020E+00,+12.90088E+00,+260E-06
+22.42520E+00,+12.90078E+00,+260E-06
+22.45020E+00,+12.90111E+00,+250E-06
+22.47520E+00,+12.90118E+00,+270E-06
+22.50020E+00,+12.90096E+00,+260E-06
+22.52520E+00,+12.90118E+00,+260E-06
+22.55020E+00,+12.90126E+00,+250E-06
+22.57520E+00,+12.90129E+00,+260E-06
+22.60020E+00,+12.90107E+00,+260E-06
+22.62520E+00,+12.90107E+00,+250E-06
+22.65020E+00,+12.90107E+00,+250E-06
+22.67520E+00,+12.90107E+00,+260E-06
+22.70020E+00,+12.90118E+00,+250E-06
+22.72520E+00,+12.90125E+00,+240E-06
+22.75020E+00,+12.90152E+00,+260E-06
+22.77520E+00,+12.90115E+00,+260E-06
+22.80020E+00,+12.90140E+00,+250E-06
+22.82520E+00,+12.90163E+00,+260E-06
+22.85020E+00,+12.90163E+00,+250E-06
+22.87520E+00,+12.90152E+00,+240E-06
+22.90020E+00,+12.90152E+00,+260E-06
+22.92520E+00,+12.90155E+00,+260E-06
+22.95020E+00,+12.90152E+00,+260E-06
+22.97520E+00,+12.90152E+00,+240E-06
+23.00020E+00,+12.90186E+00,+270E-06
+23.02520E+00,+12.90152E+00,+270E-06
+23.05020E+00,+12.90152E+00,+240E-06
+23.07520E+00,+12.90190E+00,+260E-06
+23.10020E+00,+12.90181E+00,+290E-06
+23.12520E+00,+12.90152E+00,+260E-06
+23.15020E+00,+12.90152E+00,+250E-06
+23.17520E+00,+12.90171E+00,+250E-06
+23.20020E+00,+12.90146E+00,+250E-06
+23.22520E+00,+12.90152E+00,+260E-06
+23.25020E+00,+12.90140E+00,+260E-06
+23.27520E+00,+12.90130E+00,+250E-06
+23.30020E+00,+12.90140E+00,+240E-06
+23.32520E+00,+12.90174E+00,+260E-06
+23.35020E+00,+12.90163E+00,+260E-06
+23.37520E+00,+12.90168E+00,+260E-06
+23.40020E+00,+12.90183E+00,+280E-06
+23.42520E+00,+12.90162E+00,+270E-06
+23.45020E+00,+12.90152E+00,+250E-06
+23.47520E+00,+12.90174E+00,+250E-06
+23.50020E+00,+12.90167E+00,+260E-06
+23.52520E+00,+12.90152E+00,+260E-06
+23.55020E+00,+12.90140E+00,+260E-06
+23.57520E+00,+12.90155E+00,+250E-06
+23.60020E+00,+12.90174E+00,+260E-06
+23.62520E+00,+12.90165E+00,+260E-06
+23.65020E+00,+12.90140E+00,+260E-06
+23.67520E+00,+12.90140E+00,+240E-06
+23.70020E+00,+12.90160E+00,+240E-06
+23.72520E+00,+12.90152E+00,+250E-06
+23.75020E+00,+12.90140E+00,+250E-06
+23.77520E+00,+12.90140E+00,+260E-06
+23.80020E+00,+12.90144E+00,+260E-06
+23.82520E+00,+12.90169E+00,+260E-06
+23.85020E+00,+12.90190E+00,+260E-06
+23.87520E+00,+12.90197E+00,+280E-06
+23.90020E+00,+12.90175E+00,+260E-06
+23.92520E+00,+12.90206E+00,+250E-06
+23.95020E+00,+12.90197E+00,+250E-06
+23.97520E+00,+12.90202E+00,+260E-06
+24.00020E+00,+12.90192E+00,+260E-06
+24.02520E+00,+12.90186E+00,+250E-06
+24.05020E+00,+12.90220E+00,+260E-06
+24.07520E+00,+12.90186E+00,+250E-06
+24.10020E+00,+12.90177E+00,+260E-06
+24.12520E+00,+12.90174E+00,+260E-06
+24.15020E+00,+12.90214E+00,+270E-06
+24.17520E+00,+12.90197E+00,+280E-06
+24.20020E+00,+12.90186E+00,+280E-06
+24.22520E+00,+12.90186E+00,+280E-06
+24.25020E+00,+12.90195E+00,+260E-06
+24.27520E+00,+12.90223E+00,+260E-06
+24.30020E+00,+12.90220E+00,+270E-06
+24.32520E+00,+12.90190E+00,+250E-06
+24.35020E+00,+12.90220E+00,+260E-06
+24.37520E+00,+12.90243E+00,+250E-06
+24.40020E+00,+12.90242E+00,+280E-06
+24.42520E+00,+12.90208E+00,+270E-06
+24.45020E+00,+12.90192E+00,+260E-06
+24.47520E+00,+12.90208E+00,+260E-06
+24.50020E+00,+12.90208E+00,+280E-06
+24.52520E+00,+12.90199E+00,+250E-06
+24.55020E+00,+12.90274E+00,+250E-06
+24.57520E+00,+12.90287E+00,+260E-06
+24.60020E+00,+12.90281E+00,+270E-06
+24.62520E+00,+12.90242E+00,+260E-06
+24.65020E+00,+12.90245E+00,+260E-06
+24.67520E+00,+12.90242E+00,+260E-06
+24.70020E+00,+12.90254E+00,+260E-06
+24.72520E+00,+12.90274E+00,+270E-06
+24.75020E+00,+12.90261E+00,+260E-06
+24.77520E+00,+12.90260E+00,+270E-06
+24.80020E+00,+12.90246E+00,+280E-06
+24.82520E+00,+12.90252E+00,+260E-06
+24.85020E+00,+12.90242E+00,+260E-06
+24.87520E+00,+12.90231E+00,+260E-06
+24.90020E+00,+12.90223E+00,+260E-06
+24.92520E+00,+12.90236E+00,+260E-06
+24.95020E+00,+12.90250E+00,+260E-06
+24.97520E+00,+12.90254E+00,+250E-06
